The system is: Linux - 4.18.0-477.15.1.el8_8.x86_64 - x86_64
Compiling the C compiler identification source file "CMakeCCompilerId.c" succeeded.
Compiler: /share/apps/eb3/software/GCCcore/12.2.0/bin/cc 
Build flags: 
Id flags:  

The output was:
0


Compilation of the C compiler identification source "CMakeCCompilerId.c" produced "a.out"

The C compiler identification is GNU, found in "/home/stuhecana/exciton_2b/cbuild/CMakeFiles/3.24.3/CompilerIdC/a.out"

Compiling the CXX compiler identification source file "CMakeCXXCompilerId.cpp" succeeded.
Compiler: /share/apps/eb3/software/GCCcore/12.2.0/bin/c++ 
Build flags: -std=c++11;-O3;-lfftw3_omp;-lfftw3;-lm
Id flags:  

The output was:
0


Compilation of the CXX compiler identification source "CMakeCXXCompilerId.cpp" produced "a.out"

The CXX compiler identification is GNU, found in "/home/stuhecana/exciton_2b/cbuild/CMakeFiles/3.24.3/CompilerIdCXX/a.out"

Detecting C compiler ABI info compiled with the following output:
Change Dir: /home/stuhecana/exciton_2b/cbuild/CMakeFiles/CMakeTmp

Run Build Command(s):/usr/bin/gmake -f Makefile cmTC_6b004/fast && /usr/bin/gmake  -f CMakeFiles/cmTC_6b004.dir/build.make CMakeFiles/cmTC_6b004.dir/build
gmake[1]: Entering directory '/home/stuhecana/exciton_2b/cbuild/CMakeFiles/CMakeTmp'
Building C object CMakeFiles/cmTC_6b004.dir/CMakeCCompilerABI.c.o
/share/apps/eb3/software/GCCcore/12.2.0/bin/cc   -v -o CMakeFiles/cmTC_6b004.dir/CMakeCCompilerABI.c.o -c /share/apps/eb3/software/CMake/3.24.3-GCCcore-12.2.0/share/cmake-3.24/Modules/CMakeCCompilerABI.c
Using built-in specs.
COLLECT_GCC=/share/apps/eb3/software/GCCcore/12.2.0/bin/cc
OFFLOAD_TARGET_NAMES=nvptx-none
Target: x86_64-pc-linux-gnu
Configured with: ../configure --enable-languages=c,c++,fortran --without-cuda-driver --enable-offload-targets=nvptx-none --enable-lto --enable-checking=release --disable-multilib --enable-shared=yes --enable-static=yes --enable-threads=posix --enable-plugins --enable-gold --enable-ld=default --prefix=/share/apps/eb3/software/GCCcore/12.2.0 --with-local-prefix=/share/apps/eb3/software/GCCcore/12.2.0 --enable-bootstrap --with-isl=/project/builduser/easybuild/build/GCCcore/12.2.0/system-system/gcc-12.2.0/stage2_stuff --build=x86_64-pc-linux-gnu --host=x86_64-pc-linux-gnu
Thread model: posix
Supported LTO compression algorithms: zlib
gcc version 12.2.0 (GCC) 
COLLECT_GCC_OPTIONS='-v' '-o' 'CMakeFiles/cmTC_6b004.dir/CMakeCCompilerABI.c.o' '-c' '-mtune=generic' '-march=x86-64' '-dumpdir' 'CMakeFiles/cmTC_6b004.dir/'
 /share/apps/eb3/software/GCCcore/12.2.0/libexec/gcc/x86_64-pc-linux-gnu/12.2.0/cc1 -quiet -v /share/apps/eb3/software/CMake/3.24.3-GCCcore-12.2.0/share/cmake-3.24/Modules/CMakeCCompilerABI.c -quiet -dumpdir CMakeFiles/cmTC_6b004.dir/ -dumpbase CMakeCCompilerABI.c.c -dumpbase-ext .c -mtune=generic -march=x86-64 -version -o /tmp/ccO6HCP0.s
GNU C17 (GCC) version 12.2.0 (x86_64-pc-linux-gnu)
	compiled by GNU C version 12.2.0, GMP version 6.2.1, MPFR version 4.1.0, MPC version 1.2.1, isl version isl-0.24-GMP

GGC heuristics: --param ggc-min-expand=100 --param ggc-min-heapsize=131072
ignoring nonexistent directory "/share/apps/eb3/software/GCCcore/12.2.0/lib/gcc/x86_64-pc-linux-gnu/12.2.0/include-fixed"
ignoring nonexistent directory "/share/apps/eb3/software/GCCcore/12.2.0/lib/gcc/x86_64-pc-linux-gnu/12.2.0/../../../../x86_64-pc-linux-gnu/include"
#include "..." search starts here:
#include <...> search starts here:
 /share/apps/eb3/software/libarchive/3.6.1-GCCcore-12.2.0/include
 /share/apps/eb3/software/XZ/5.2.7-GCCcore-12.2.0/include
 /share/apps/eb3/software/cURL/7.86.0-GCCcore-12.2.0/include
 /share/apps/eb3/software/bzip2/1.0.8-GCCcore-12.2.0/include
 /share/apps/eb3/software/zlib/1.2.12-GCCcore-12.2.0/include
 /share/apps/eb3/software/ncurses/6.3-GCCcore-12.2.0/include
 /share/apps/eb3/software/Eigen/3.4.0-GCCcore-12.2.0/include
 /share/apps/eb3/software/HDF5/1.12.2-gompi-2022a/include
 /share/apps/eb3/software/Szip/2.1.1-GCCcore-11.3.0/include
 /share/apps/eb3/software/FFTW.MPI/3.3.10-gompi-2022a/include
 /share/apps/eb3/software/FFTW/3.3.10-GCC-11.3.0/include
 /share/apps/eb3/software/FlexiBLAS/3.2.0-GCC-11.3.0/include
 /share/apps/eb3/software/OpenBLAS/0.3.20-GCC-11.3.0/include
 /share/apps/eb3/software/OpenMPI/4.1.4-GCC-11.3.0/include
 /share/apps/eb3/software/UCC/1.0.0-GCCcore-11.3.0/include
 /share/apps/eb3/software/PMIx/4.1.2-GCCcore-11.3.0/include
 /share/apps/eb3/software/libfabric/1.15.1-GCCcore-11.3.0/include
 /share/apps/eb3/software/UCX/1.12.1-GCCcore-11.3.0/include
 /share/apps/eb3/software/libevent/2.1.12-GCCcore-11.3.0/include
 /share/apps/eb3/software/x86_64/OpenSSL/1.1/include
 /share/apps/eb3/software/hwloc/2.7.1-GCCcore-11.3.0/include
 /share/apps/eb3/software/libpciaccess/0.16-GCCcore-11.3.0/include
 /share/apps/eb3/software/libxml2/2.9.13-GCCcore-11.3.0/include/libxml2
 /share/apps/eb3/software/libxml2/2.9.13-GCCcore-11.3.0/include
 /share/apps/eb3/software/numactl/2.0.14-GCCcore-11.3.0/include
 /share/apps/eb3/software/binutils/2.38-GCCcore-11.3.0/include
 /share/apps/eb3/software/GCCcore/12.2.0/lib/gcc/x86_64-pc-linux-gnu/12.2.0/include
 /share/apps/eb3/software/GCCcore/12.2.0/include
 /usr/include
End of search list.
GNU C17 (GCC) version 12.2.0 (x86_64-pc-linux-gnu)
	compiled by GNU C version 12.2.0, GMP version 6.2.1, MPFR version 4.1.0, MPC version 1.2.1, isl version isl-0.24-GMP

GGC heuristics: --param ggc-min-expand=100 --param ggc-min-heapsize=131072
Compiler executable checksum: 52465c9edd0e952d9499b38feaf34663
COLLECT_GCC_OPTIONS='-v' '-o' 'CMakeFiles/cmTC_6b004.dir/CMakeCCompilerABI.c.o' '-c' '-mtune=generic' '-march=x86-64' '-dumpdir' 'CMakeFiles/cmTC_6b004.dir/'
 as -v --64 -o CMakeFiles/cmTC_6b004.dir/CMakeCCompilerABI.c.o /tmp/ccO6HCP0.s
GNU assembler version 2.38 (x86_64-pc-linux-gnu) using BFD version (GNU Binutils) 2.38
COMPILER_PATH=/share/apps/eb3/software/GCCcore/12.2.0/libexec/gcc/x86_64-pc-linux-gnu/12.2.0/:/share/apps/eb3/software/GCCcore/12.2.0/libexec/gcc/x86_64-pc-linux-gnu/12.2.0/:/share/apps/eb3/software/GCCcore/12.2.0/libexec/gcc/x86_64-pc-linux-gnu/:/share/apps/eb3/software/GCCcore/12.2.0/lib/gcc/x86_64-pc-linux-gnu/12.2.0/:/share/apps/eb3/software/GCCcore/12.2.0/lib/gcc/x86_64-pc-linux-gnu/
LIBRARY_PATH=/share/apps/eb3/software/libarchive/3.6.1-GCCcore-12.2.0/lib/../lib64/:/share/apps/eb3/software/XZ/5.2.7-GCCcore-12.2.0/lib/../lib64/:/share/apps/eb3/software/cURL/7.86.0-GCCcore-12.2.0/lib/../lib64/:/share/apps/eb3/software/bzip2/1.0.8-GCCcore-12.2.0/lib/../lib64/:/share/apps/eb3/software/zlib/1.2.12-GCCcore-12.2.0/lib/../lib64/:/share/apps/eb3/software/ncurses/6.3-GCCcore-12.2.0/lib/../lib64/:/share/apps/eb3/software/HDF5/1.12.2-gompi-2022a/lib/../lib64/:/share/apps/eb3/software/Szip/2.1.1-GCCcore-11.3.0/lib/../lib64/:/share/apps/eb3/software/ScaLAPACK/2.2.0-gompi-2022a-fb/lib/../lib64/:/share/apps/eb3/software/FFTW.MPI/3.3.10-gompi-2022a/lib/../lib64/:/share/apps/eb3/software/FFTW/3.3.10-GCC-11.3.0/lib/../lib64/:/share/apps/eb3/software/FlexiBLAS/3.2.0-GCC-11.3.0/lib/../lib64/:/share/apps/eb3/software/OpenBLAS/0.3.20-GCC-11.3.0/lib/../lib64/:/share/apps/eb3/software/OpenMPI/4.1.4-GCC-11.3.0/lib/../lib64/:/share/apps/eb3/software/UCC/1.0.0-GCCcore-11.3.0/lib/../lib64/:/share/apps/eb3/software/PMIx/4.1.2-GCCcore-11.3.0/lib/../lib64/:/share/apps/eb3/software/libfabric/1.15.1-GCCcore-11.3.0/lib/../lib64/:/share/apps/eb3/software/UCX/1.12.1-GCCcore-11.3.0/lib/../lib64/:/share/apps/eb3/software/libevent/2.1.12-GCCcore-11.3.0/lib/../lib64/:/share/apps/eb3/software/x86_64/OpenSSL/1.1/lib/../lib64/:/share/apps/eb3/software/hwloc/2.7.1-GCCcore-11.3.0/lib/../lib64/:/share/apps/eb3/software/libpciaccess/0.16-GCCcore-11.3.0/lib/../lib64/:/share/apps/eb3/software/libxml2/2.9.13-GCCcore-11.3.0/lib/../lib64/:/share/apps/eb3/software/numactl/2.0.14-GCCcore-11.3.0/lib/../lib64/:/share/apps/eb3/software/binutils/2.38-GCCcore-11.3.0/lib/../lib64/:/share/apps/eb3/software/GCCcore/12.2.0/lib/gcc/x86_64-pc-linux-gnu/12.2.0/:/share/apps/eb3/software/GCCcore/12.2.0/lib/gcc/x86_64-pc-linux-gnu/12.2.0/../../../../lib64/:/lib/../lib64/:/usr/lib/../lib64/:/share/apps/eb3/software/libarchive/3.6.1-GCCcore-12.2.0/lib/:/share/apps/eb3/software/XZ/5.2.7-GCCcore-12.2.0/lib/:/share/apps/eb3/software/cURL/7.86.0-GCCcore-12.2.0/lib/:/share/apps/eb3/software/bzip2/1.0.8-GCCcore-12.2.0/lib/:/share/apps/eb3/software/zlib/1.2.12-GCCcore-12.2.0/lib/:/share/apps/eb3/software/ncurses/6.3-GCCcore-12.2.0/lib/:/share/apps/eb3/software/HDF5/1.12.2-gompi-2022a/lib/:/share/apps/eb3/software/Szip/2.1.1-GCCcore-11.3.0/lib/:/share/apps/eb3/software/ScaLAPACK/2.2.0-gompi-2022a-fb/lib/:/share/apps/eb3/software/FFTW.MPI/3.3.10-gompi-2022a/lib/:/share/apps/eb3/software/FFTW/3.3.10-GCC-11.3.0/lib/:/share/apps/eb3/software/FlexiBLAS/3.2.0-GCC-11.3.0/lib/:/share/apps/eb3/software/OpenBLAS/0.3.20-GCC-11.3.0/lib/:/share/apps/eb3/software/OpenMPI/4.1.4-GCC-11.3.0/lib/:/share/apps/eb3/software/UCC/1.0.0-GCCcore-11.3.0/lib/:/share/apps/eb3/software/PMIx/4.1.2-GCCcore-11.3.0/lib/:/share/apps/eb3/software/libfabric/1.15.1-GCCcore-11.3.0/lib/:/share/apps/eb3/software/UCX/1.12.1-GCCcore-11.3.0/lib/:/share/apps/eb3/software/libevent/2.1.12-GCCcore-11.3.0/lib/:/share/apps/eb3/software/x86_64/OpenSSL/1.1/lib/:/share/apps/eb3/software/hwloc/2.7.1-GCCcore-11.3.0/lib/:/share/apps/eb3/software/libpciaccess/0.16-GCCcore-11.3.0/lib/:/share/apps/eb3/software/libxml2/2.9.13-GCCcore-11.3.0/lib/:/share/apps/eb3/software/numactl/2.0.14-GCCcore-11.3.0/lib/:/share/apps/eb3/software/binutils/2.38-GCCcore-11.3.0/lib/:/share/apps/eb3/software/GCCcore/12.2.0/lib/gcc/x86_64-pc-linux-gnu/12.2.0/../../../:/lib/:/usr/lib/
COLLECT_GCC_OPTIONS='-v' '-o' 'CMakeFiles/cmTC_6b004.dir/CMakeCCompilerABI.c.o' '-c' '-mtune=generic' '-march=x86-64' '-dumpdir' 'CMakeFiles/cmTC_6b004.dir/CMakeCCompilerABI.c.'
Linking C executable cmTC_6b004
/share/apps/eb3/software/CMake/3.24.3-GCCcore-12.2.0/bin/cmake -E cmake_link_script CMakeFiles/cmTC_6b004.dir/link.txt --verbose=1
/share/apps/eb3/software/GCCcore/12.2.0/bin/cc  -v -rdynamic CMakeFiles/cmTC_6b004.dir/CMakeCCompilerABI.c.o -o cmTC_6b004 
Using built-in specs.
COLLECT_GCC=/share/apps/eb3/software/GCCcore/12.2.0/bin/cc
COLLECT_LTO_WRAPPER=/share/apps/eb3/software/GCCcore/12.2.0/libexec/gcc/x86_64-pc-linux-gnu/12.2.0/lto-wrapper
OFFLOAD_TARGET_NAMES=nvptx-none
Target: x86_64-pc-linux-gnu
Configured with: ../configure --enable-languages=c,c++,fortran --without-cuda-driver --enable-offload-targets=nvptx-none --enable-lto --enable-checking=release --disable-multilib --enable-shared=yes --enable-static=yes --enable-threads=posix --enable-plugins --enable-gold --enable-ld=default --prefix=/share/apps/eb3/software/GCCcore/12.2.0 --with-local-prefix=/share/apps/eb3/software/GCCcore/12.2.0 --enable-bootstrap --with-isl=/project/builduser/easybuild/build/GCCcore/12.2.0/system-system/gcc-12.2.0/stage2_stuff --build=x86_64-pc-linux-gnu --host=x86_64-pc-linux-gnu
Thread model: posix
Supported LTO compression algorithms: zlib
gcc version 12.2.0 (GCC) 
COMPILER_PATH=/share/apps/eb3/software/GCCcore/12.2.0/libexec/gcc/x86_64-pc-linux-gnu/12.2.0/:/share/apps/eb3/software/GCCcore/12.2.0/libexec/gcc/x86_64-pc-linux-gnu/12.2.0/:/share/apps/eb3/software/GCCcore/12.2.0/libexec/gcc/x86_64-pc-linux-gnu/:/share/apps/eb3/software/GCCcore/12.2.0/lib/gcc/x86_64-pc-linux-gnu/12.2.0/:/share/apps/eb3/software/GCCcore/12.2.0/lib/gcc/x86_64-pc-linux-gnu/
LIBRARY_PATH=/share/apps/eb3/software/libarchive/3.6.1-GCCcore-12.2.0/lib/../lib64/:/share/apps/eb3/software/XZ/5.2.7-GCCcore-12.2.0/lib/../lib64/:/share/apps/eb3/software/cURL/7.86.0-GCCcore-12.2.0/lib/../lib64/:/share/apps/eb3/software/bzip2/1.0.8-GCCcore-12.2.0/lib/../lib64/:/share/apps/eb3/software/zlib/1.2.12-GCCcore-12.2.0/lib/../lib64/:/share/apps/eb3/software/ncurses/6.3-GCCcore-12.2.0/lib/../lib64/:/share/apps/eb3/software/HDF5/1.12.2-gompi-2022a/lib/../lib64/:/share/apps/eb3/software/Szip/2.1.1-GCCcore-11.3.0/lib/../lib64/:/share/apps/eb3/software/ScaLAPACK/2.2.0-gompi-2022a-fb/lib/../lib64/:/share/apps/eb3/software/FFTW.MPI/3.3.10-gompi-2022a/lib/../lib64/:/share/apps/eb3/software/FFTW/3.3.10-GCC-11.3.0/lib/../lib64/:/share/apps/eb3/software/FlexiBLAS/3.2.0-GCC-11.3.0/lib/../lib64/:/share/apps/eb3/software/OpenBLAS/0.3.20-GCC-11.3.0/lib/../lib64/:/share/apps/eb3/software/OpenMPI/4.1.4-GCC-11.3.0/lib/../lib64/:/share/apps/eb3/software/UCC/1.0.0-GCCcore-11.3.0/lib/../lib64/:/share/apps/eb3/software/PMIx/4.1.2-GCCcore-11.3.0/lib/../lib64/:/share/apps/eb3/software/libfabric/1.15.1-GCCcore-11.3.0/lib/../lib64/:/share/apps/eb3/software/UCX/1.12.1-GCCcore-11.3.0/lib/../lib64/:/share/apps/eb3/software/libevent/2.1.12-GCCcore-11.3.0/lib/../lib64/:/share/apps/eb3/software/x86_64/OpenSSL/1.1/lib/../lib64/:/share/apps/eb3/software/hwloc/2.7.1-GCCcore-11.3.0/lib/../lib64/:/share/apps/eb3/software/libpciaccess/0.16-GCCcore-11.3.0/lib/../lib64/:/share/apps/eb3/software/libxml2/2.9.13-GCCcore-11.3.0/lib/../lib64/:/share/apps/eb3/software/numactl/2.0.14-GCCcore-11.3.0/lib/../lib64/:/share/apps/eb3/software/binutils/2.38-GCCcore-11.3.0/lib/../lib64/:/share/apps/eb3/software/GCCcore/12.2.0/lib/gcc/x86_64-pc-linux-gnu/12.2.0/:/share/apps/eb3/software/GCCcore/12.2.0/lib/gcc/x86_64-pc-linux-gnu/12.2.0/../../../../lib64/:/lib/../lib64/:/usr/lib/../lib64/:/share/apps/eb3/software/libarchive/3.6.1-GCCcore-12.2.0/lib/:/share/apps/eb3/software/XZ/5.2.7-GCCcore-12.2.0/lib/:/share/apps/eb3/software/cURL/7.86.0-GCCcore-12.2.0/lib/:/share/apps/eb3/software/bzip2/1.0.8-GCCcore-12.2.0/lib/:/share/apps/eb3/software/zlib/1.2.12-GCCcore-12.2.0/lib/:/share/apps/eb3/software/ncurses/6.3-GCCcore-12.2.0/lib/:/share/apps/eb3/software/HDF5/1.12.2-gompi-2022a/lib/:/share/apps/eb3/software/Szip/2.1.1-GCCcore-11.3.0/lib/:/share/apps/eb3/software/ScaLAPACK/2.2.0-gompi-2022a-fb/lib/:/share/apps/eb3/software/FFTW.MPI/3.3.10-gompi-2022a/lib/:/share/apps/eb3/software/FFTW/3.3.10-GCC-11.3.0/lib/:/share/apps/eb3/software/FlexiBLAS/3.2.0-GCC-11.3.0/lib/:/share/apps/eb3/software/OpenBLAS/0.3.20-GCC-11.3.0/lib/:/share/apps/eb3/software/OpenMPI/4.1.4-GCC-11.3.0/lib/:/share/apps/eb3/software/UCC/1.0.0-GCCcore-11.3.0/lib/:/share/apps/eb3/software/PMIx/4.1.2-GCCcore-11.3.0/lib/:/share/apps/eb3/software/libfabric/1.15.1-GCCcore-11.3.0/lib/:/share/apps/eb3/software/UCX/1.12.1-GCCcore-11.3.0/lib/:/share/apps/eb3/software/libevent/2.1.12-GCCcore-11.3.0/lib/:/share/apps/eb3/software/x86_64/OpenSSL/1.1/lib/:/share/apps/eb3/software/hwloc/2.7.1-GCCcore-11.3.0/lib/:/share/apps/eb3/software/libpciaccess/0.16-GCCcore-11.3.0/lib/:/share/apps/eb3/software/libxml2/2.9.13-GCCcore-11.3.0/lib/:/share/apps/eb3/software/numactl/2.0.14-GCCcore-11.3.0/lib/:/share/apps/eb3/software/binutils/2.38-GCCcore-11.3.0/lib/:/share/apps/eb3/software/GCCcore/12.2.0/lib/gcc/x86_64-pc-linux-gnu/12.2.0/../../../:/lib/:/usr/lib/
COLLECT_GCC_OPTIONS='-v' '-rdynamic' '-o' 'cmTC_6b004' '-mtune=generic' '-march=x86-64' '-dumpdir' 'cmTC_6b004.'
 /share/apps/eb3/software/GCCcore/12.2.0/libexec/gcc/x86_64-pc-linux-gnu/12.2.0/collect2 -plugin /share/apps/eb3/software/GCCcore/12.2.0/libexec/gcc/x86_64-pc-linux-gnu/12.2.0/liblto_plugin.so -plugin-opt=/share/apps/eb3/software/GCCcore/12.2.0/libexec/gcc/x86_64-pc-linux-gnu/12.2.0/lto-wrapper -plugin-opt=-fresolution=/tmp/cc7KSfMp.res -plugin-opt=-pass-through=-lgcc -plugin-opt=-pass-through=-lgcc_s -plugin-opt=-pass-through=-lc -plugin-opt=-pass-through=-lgcc -plugin-opt=-pass-through=-lgcc_s --eh-frame-hdr -m elf_x86_64 -export-dynamic -dynamic-linker /lib64/ld-linux-x86-64.so.2 -o cmTC_6b004 /lib/../lib64/crt1.o /lib/../lib64/crti.o /share/apps/eb3/software/GCCcore/12.2.0/lib/gcc/x86_64-pc-linux-gnu/12.2.0/crtbegin.o -L/share/apps/eb3/software/libarchive/3.6.1-GCCcore-12.2.0/lib/../lib64 -L/share/apps/eb3/software/XZ/5.2.7-GCCcore-12.2.0/lib/../lib64 -L/share/apps/eb3/software/cURL/7.86.0-GCCcore-12.2.0/lib/../lib64 -L/share/apps/eb3/software/bzip2/1.0.8-GCCcore-12.2.0/lib/../lib64 -L/share/apps/eb3/software/zlib/1.2.12-GCCcore-12.2.0/lib/../lib64 -L/share/apps/eb3/software/ncurses/6.3-GCCcore-12.2.0/lib/../lib64 -L/share/apps/eb3/software/HDF5/1.12.2-gompi-2022a/lib/../lib64 -L/share/apps/eb3/software/Szip/2.1.1-GCCcore-11.3.0/lib/../lib64 -L/share/apps/eb3/software/ScaLAPACK/2.2.0-gompi-2022a-fb/lib/../lib64 -L/share/apps/eb3/software/FFTW.MPI/3.3.10-gompi-2022a/lib/../lib64 -L/share/apps/eb3/software/FFTW/3.3.10-GCC-11.3.0/lib/../lib64 -L/share/apps/eb3/software/FlexiBLAS/3.2.0-GCC-11.3.0/lib/../lib64 -L/share/apps/eb3/software/OpenBLAS/0.3.20-GCC-11.3.0/lib/../lib64 -L/share/apps/eb3/software/OpenMPI/4.1.4-GCC-11.3.0/lib/../lib64 -L/share/apps/eb3/software/UCC/1.0.0-GCCcore-11.3.0/lib/../lib64 -L/share/apps/eb3/software/PMIx/4.1.2-GCCcore-11.3.0/lib/../lib64 -L/share/apps/eb3/software/libfabric/1.15.1-GCCcore-11.3.0/lib/../lib64 -L/share/apps/eb3/software/UCX/1.12.1-GCCcore-11.3.0/lib/../lib64 -L/share/apps/eb3/software/libevent/2.1.12-GCCcore-11.3.0/lib/../lib64 -L/share/apps/eb3/software/x86_64/OpenSSL/1.1/lib/../lib64 -L/share/apps/eb3/software/hwloc/2.7.1-GCCcore-11.3.0/lib/../lib64 -L/share/apps/eb3/software/libpciaccess/0.16-GCCcore-11.3.0/lib/../lib64 -L/share/apps/eb3/software/libxml2/2.9.13-GCCcore-11.3.0/lib/../lib64 -L/share/apps/eb3/software/numactl/2.0.14-GCCcore-11.3.0/lib/../lib64 -L/share/apps/eb3/software/binutils/2.38-GCCcore-11.3.0/lib/../lib64 -L/share/apps/eb3/software/GCCcore/12.2.0/lib/gcc/x86_64-pc-linux-gnu/12.2.0 -L/share/apps/eb3/software/GCCcore/12.2.0/lib/gcc/x86_64-pc-linux-gnu/12.2.0/../../../../lib64 -L/lib/../lib64 -L/usr/lib/../lib64 -L/share/apps/eb3/software/libarchive/3.6.1-GCCcore-12.2.0/lib -L/share/apps/eb3/software/XZ/5.2.7-GCCcore-12.2.0/lib -L/share/apps/eb3/software/cURL/7.86.0-GCCcore-12.2.0/lib -L/share/apps/eb3/software/bzip2/1.0.8-GCCcore-12.2.0/lib -L/share/apps/eb3/software/zlib/1.2.12-GCCcore-12.2.0/lib -L/share/apps/eb3/software/ncurses/6.3-GCCcore-12.2.0/lib -L/share/apps/eb3/software/HDF5/1.12.2-gompi-2022a/lib -L/share/apps/eb3/software/Szip/2.1.1-GCCcore-11.3.0/lib -L/share/apps/eb3/software/ScaLAPACK/2.2.0-gompi-2022a-fb/lib -L/share/apps/eb3/software/FFTW.MPI/3.3.10-gompi-2022a/lib -L/share/apps/eb3/software/FFTW/3.3.10-GCC-11.3.0/lib -L/share/apps/eb3/software/FlexiBLAS/3.2.0-GCC-11.3.0/lib -L/share/apps/eb3/software/OpenBLAS/0.3.20-GCC-11.3.0/lib -L/share/apps/eb3/software/OpenMPI/4.1.4-GCC-11.3.0/lib -L/share/apps/eb3/software/UCC/1.0.0-GCCcore-11.3.0/lib -L/share/apps/eb3/software/PMIx/4.1.2-GCCcore-11.3.0/lib -L/share/apps/eb3/software/libfabric/1.15.1-GCCcore-11.3.0/lib -L/share/apps/eb3/software/UCX/1.12.1-GCCcore-11.3.0/lib -L/share/apps/eb3/software/libevent/2.1.12-GCCcore-11.3.0/lib -L/share/apps/eb3/software/x86_64/OpenSSL/1.1/lib -L/share/apps/eb3/software/hwloc/2.7.1-GCCcore-11.3.0/lib -L/share/apps/eb3/software/libpciaccess/0.16-GCCcore-11.3.0/lib -L/share/apps/eb3/software/libxml2/2.9.13-GCCcore-11.3.0/lib -L/share/apps/eb3/software/numactl/2.0.14-GCCcore-11.3.0/lib -L/share/apps/eb3/software/binutils/2.38-GCCcore-11.3.0/lib -L/share/apps/eb3/software/GCCcore/12.2.0/lib/gcc/x86_64-pc-linux-gnu/12.2.0/../../.. CMakeFiles/cmTC_6b004.dir/CMakeCCompilerABI.c.o -lgcc --push-state --as-needed -lgcc_s --pop-state -lc -lgcc --push-state --as-needed -lgcc_s --pop-state /share/apps/eb3/software/GCCcore/12.2.0/lib/gcc/x86_64-pc-linux-gnu/12.2.0/crtend.o /lib/../lib64/crtn.o
COLLECT_GCC_OPTIONS='-v' '-rdynamic' '-o' 'cmTC_6b004' '-mtune=generic' '-march=x86-64' '-dumpdir' 'cmTC_6b004.'
gmake[1]: Leaving directory '/home/stuhecana/exciton_2b/cbuild/CMakeFiles/CMakeTmp'



Parsed C implicit include dir info from above output: rv=done
  found start of include info
  found start of implicit include info
    add: [/share/apps/eb3/software/libarchive/3.6.1-GCCcore-12.2.0/include]
    add: [/share/apps/eb3/software/XZ/5.2.7-GCCcore-12.2.0/include]
    add: [/share/apps/eb3/software/cURL/7.86.0-GCCcore-12.2.0/include]
    add: [/share/apps/eb3/software/bzip2/1.0.8-GCCcore-12.2.0/include]
    add: [/share/apps/eb3/software/zlib/1.2.12-GCCcore-12.2.0/include]
    add: [/share/apps/eb3/software/ncurses/6.3-GCCcore-12.2.0/include]
    add: [/share/apps/eb3/software/Eigen/3.4.0-GCCcore-12.2.0/include]
    add: [/share/apps/eb3/software/HDF5/1.12.2-gompi-2022a/include]
    add: [/share/apps/eb3/software/Szip/2.1.1-GCCcore-11.3.0/include]
    add: [/share/apps/eb3/software/FFTW.MPI/3.3.10-gompi-2022a/include]
    add: [/share/apps/eb3/software/FFTW/3.3.10-GCC-11.3.0/include]
    add: [/share/apps/eb3/software/FlexiBLAS/3.2.0-GCC-11.3.0/include]
    add: [/share/apps/eb3/software/OpenBLAS/0.3.20-GCC-11.3.0/include]
    add: [/share/apps/eb3/software/OpenMPI/4.1.4-GCC-11.3.0/include]
    add: [/share/apps/eb3/software/UCC/1.0.0-GCCcore-11.3.0/include]
    add: [/share/apps/eb3/software/PMIx/4.1.2-GCCcore-11.3.0/include]
    add: [/share/apps/eb3/software/libfabric/1.15.1-GCCcore-11.3.0/include]
    add: [/share/apps/eb3/software/UCX/1.12.1-GCCcore-11.3.0/include]
    add: [/share/apps/eb3/software/libevent/2.1.12-GCCcore-11.3.0/include]
    add: [/share/apps/eb3/software/x86_64/OpenSSL/1.1/include]
    add: [/share/apps/eb3/software/hwloc/2.7.1-GCCcore-11.3.0/include]
    add: [/share/apps/eb3/software/libpciaccess/0.16-GCCcore-11.3.0/include]
    add: [/share/apps/eb3/software/libxml2/2.9.13-GCCcore-11.3.0/include/libxml2]
    add: [/share/apps/eb3/software/libxml2/2.9.13-GCCcore-11.3.0/include]
    add: [/share/apps/eb3/software/numactl/2.0.14-GCCcore-11.3.0/include]
    add: [/share/apps/eb3/software/binutils/2.38-GCCcore-11.3.0/include]
    add: [/share/apps/eb3/software/GCCcore/12.2.0/lib/gcc/x86_64-pc-linux-gnu/12.2.0/include]
    add: [/share/apps/eb3/software/GCCcore/12.2.0/include]
    add: [/usr/include]
  end of search list found
  collapse include dir [/share/apps/eb3/software/libarchive/3.6.1-GCCcore-12.2.0/include] ==> [/share/apps/eb3/software/libarchive/3.6.1-GCCcore-12.2.0/include]
  collapse include dir [/share/apps/eb3/software/XZ/5.2.7-GCCcore-12.2.0/include] ==> [/share/apps/eb3/software/XZ/5.2.7-GCCcore-12.2.0/include]
  collapse include dir [/share/apps/eb3/software/cURL/7.86.0-GCCcore-12.2.0/include] ==> [/share/apps/eb3/software/cURL/7.86.0-GCCcore-12.2.0/include]
  collapse include dir [/share/apps/eb3/software/bzip2/1.0.8-GCCcore-12.2.0/include] ==> [/share/apps/eb3/software/bzip2/1.0.8-GCCcore-12.2.0/include]
  collapse include dir [/share/apps/eb3/software/zlib/1.2.12-GCCcore-12.2.0/include] ==> [/share/apps/eb3/software/zlib/1.2.12-GCCcore-12.2.0/include]
  collapse include dir [/share/apps/eb3/software/ncurses/6.3-GCCcore-12.2.0/include] ==> [/share/apps/eb3/software/ncurses/6.3-GCCcore-12.2.0/include]
  collapse include dir [/share/apps/eb3/software/Eigen/3.4.0-GCCcore-12.2.0/include] ==> [/share/apps/eb3/software/Eigen/3.4.0-GCCcore-12.2.0/include]
  collapse include dir [/share/apps/eb3/software/HDF5/1.12.2-gompi-2022a/include] ==> [/share/apps/eb3/software/HDF5/1.12.2-gompi-2022a/include]
  collapse include dir [/share/apps/eb3/software/Szip/2.1.1-GCCcore-11.3.0/include] ==> [/share/apps/eb3/software/Szip/2.1.1-GCCcore-11.3.0/include]
  collapse include dir [/share/apps/eb3/software/FFTW.MPI/3.3.10-gompi-2022a/include] ==> [/share/apps/eb3/software/FFTW.MPI/3.3.10-gompi-2022a/include]
  collapse include dir [/share/apps/eb3/software/FFTW/3.3.10-GCC-11.3.0/include] ==> [/share/apps/eb3/software/FFTW/3.3.10-GCC-11.3.0/include]
  collapse include dir [/share/apps/eb3/software/FlexiBLAS/3.2.0-GCC-11.3.0/include] ==> [/share/apps/eb3/software/FlexiBLAS/3.2.0-GCC-11.3.0/include]
  collapse include dir [/share/apps/eb3/software/OpenBLAS/0.3.20-GCC-11.3.0/include] ==> [/share/apps/eb3/software/OpenBLAS/0.3.20-GCC-11.3.0/include]
  collapse include dir [/share/apps/eb3/software/OpenMPI/4.1.4-GCC-11.3.0/include] ==> [/share/apps/eb3/software/OpenMPI/4.1.4-GCC-11.3.0/include]
  collapse include dir [/share/apps/eb3/software/UCC/1.0.0-GCCcore-11.3.0/include] ==> [/share/apps/eb3/software/UCC/1.0.0-GCCcore-11.3.0/include]
  collapse include dir [/share/apps/eb3/software/PMIx/4.1.2-GCCcore-11.3.0/include] ==> [/share/apps/eb3/software/PMIx/4.1.2-GCCcore-11.3.0/include]
  collapse include dir [/share/apps/eb3/software/libfabric/1.15.1-GCCcore-11.3.0/include] ==> [/share/apps/eb3/software/libfabric/1.15.1-GCCcore-11.3.0/include]
  collapse include dir [/share/apps/eb3/software/UCX/1.12.1-GCCcore-11.3.0/include] ==> [/share/apps/eb3/software/UCX/1.12.1-GCCcore-11.3.0/include]
  collapse include dir [/share/apps/eb3/software/libevent/2.1.12-GCCcore-11.3.0/include] ==> [/share/apps/eb3/software/libevent/2.1.12-GCCcore-11.3.0/include]
  collapse include dir [/share/apps/eb3/software/x86_64/OpenSSL/1.1/include] ==> [/share/apps/eb3/software/x86_64/OpenSSL/1.1/include]
  collapse include dir [/share/apps/eb3/software/hwloc/2.7.1-GCCcore-11.3.0/include] ==> [/share/apps/eb3/software/hwloc/2.7.1-GCCcore-11.3.0/include]
  collapse include dir [/share/apps/eb3/software/libpciaccess/0.16-GCCcore-11.3.0/include] ==> [/share/apps/eb3/software/libpciaccess/0.16-GCCcore-11.3.0/include]
  collapse include dir [/share/apps/eb3/software/libxml2/2.9.13-GCCcore-11.3.0/include/libxml2] ==> [/share/apps/eb3/software/libxml2/2.9.13-GCCcore-11.3.0/include/libxml2]
  collapse include dir [/share/apps/eb3/software/libxml2/2.9.13-GCCcore-11.3.0/include] ==> [/share/apps/eb3/software/libxml2/2.9.13-GCCcore-11.3.0/include]
  collapse include dir [/share/apps/eb3/software/numactl/2.0.14-GCCcore-11.3.0/include] ==> [/share/apps/eb3/software/numactl/2.0.14-GCCcore-11.3.0/include]
  collapse include dir [/share/apps/eb3/software/binutils/2.38-GCCcore-11.3.0/include] ==> [/share/apps/eb3/software/binutils/2.38-GCCcore-11.3.0/include]
  collapse include dir [/share/apps/eb3/software/GCCcore/12.2.0/lib/gcc/x86_64-pc-linux-gnu/12.2.0/include] ==> [/share/apps/eb3/software/GCCcore/12.2.0/lib/gcc/x86_64-pc-linux-gnu/12.2.0/include]
  collapse include dir [/share/apps/eb3/software/GCCcore/12.2.0/include] ==> [/share/apps/eb3/software/GCCcore/12.2.0/include]
  collapse include dir [/usr/include] ==> [/usr/include]
  implicit include dirs: [/share/apps/eb3/software/libarchive/3.6.1-GCCcore-12.2.0/include;/share/apps/eb3/software/XZ/5.2.7-GCCcore-12.2.0/include;/share/apps/eb3/software/cURL/7.86.0-GCCcore-12.2.0/include;/share/apps/eb3/software/bzip2/1.0.8-GCCcore-12.2.0/include;/share/apps/eb3/software/zlib/1.2.12-GCCcore-12.2.0/include;/share/apps/eb3/software/ncurses/6.3-GCCcore-12.2.0/include;/share/apps/eb3/software/Eigen/3.4.0-GCCcore-12.2.0/include;/share/apps/eb3/software/HDF5/1.12.2-gompi-2022a/include;/share/apps/eb3/software/Szip/2.1.1-GCCcore-11.3.0/include;/share/apps/eb3/software/FFTW.MPI/3.3.10-gompi-2022a/include;/share/apps/eb3/software/FFTW/3.3.10-GCC-11.3.0/include;/share/apps/eb3/software/FlexiBLAS/3.2.0-GCC-11.3.0/include;/share/apps/eb3/software/OpenBLAS/0.3.20-GCC-11.3.0/include;/share/apps/eb3/software/OpenMPI/4.1.4-GCC-11.3.0/include;/share/apps/eb3/software/UCC/1.0.0-GCCcore-11.3.0/include;/share/apps/eb3/software/PMIx/4.1.2-GCCcore-11.3.0/include;/share/apps/eb3/software/libfabric/1.15.1-GCCcore-11.3.0/include;/share/apps/eb3/software/UCX/1.12.1-GCCcore-11.3.0/include;/share/apps/eb3/software/libevent/2.1.12-GCCcore-11.3.0/include;/share/apps/eb3/software/x86_64/OpenSSL/1.1/include;/share/apps/eb3/software/hwloc/2.7.1-GCCcore-11.3.0/include;/share/apps/eb3/software/libpciaccess/0.16-GCCcore-11.3.0/include;/share/apps/eb3/software/libxml2/2.9.13-GCCcore-11.3.0/include/libxml2;/share/apps/eb3/software/libxml2/2.9.13-GCCcore-11.3.0/include;/share/apps/eb3/software/numactl/2.0.14-GCCcore-11.3.0/include;/share/apps/eb3/software/binutils/2.38-GCCcore-11.3.0/include;/share/apps/eb3/software/GCCcore/12.2.0/lib/gcc/x86_64-pc-linux-gnu/12.2.0/include;/share/apps/eb3/software/GCCcore/12.2.0/include;/usr/include]


Parsed C implicit link information from above output:
  link line regex: [^( *|.*[/\])(ld|CMAKE_LINK_STARTFILE-NOTFOUND|([^/\]+-)?ld|collect2)[^/\]*( |$)]
  ignore line: [Change Dir: /home/stuhecana/exciton_2b/cbuild/CMakeFiles/CMakeTmp]
  ignore line: []
  ignore line: [Run Build Command(s):/usr/bin/gmake -f Makefile cmTC_6b004/fast && /usr/bin/gmake  -f CMakeFiles/cmTC_6b004.dir/build.make CMakeFiles/cmTC_6b004.dir/build]
  ignore line: [gmake[1]: Entering directory '/home/stuhecana/exciton_2b/cbuild/CMakeFiles/CMakeTmp']
  ignore line: [Building C object CMakeFiles/cmTC_6b004.dir/CMakeCCompilerABI.c.o]
  ignore line: [/share/apps/eb3/software/GCCcore/12.2.0/bin/cc   -v -o CMakeFiles/cmTC_6b004.dir/CMakeCCompilerABI.c.o -c /share/apps/eb3/software/CMake/3.24.3-GCCcore-12.2.0/share/cmake-3.24/Modules/CMakeCCompilerABI.c]
  ignore line: [Using built-in specs.]
  ignore line: [COLLECT_GCC=/share/apps/eb3/software/GCCcore/12.2.0/bin/cc]
  ignore line: [OFFLOAD_TARGET_NAMES=nvptx-none]
  ignore line: [Target: x86_64-pc-linux-gnu]
  ignore line: [Configured with: ../configure --enable-languages=c,c++,fortran --without-cuda-driver --enable-offload-targets=nvptx-none --enable-lto --enable-checking=release --disable-multilib --enable-shared=yes --enable-static=yes --enable-threads=posix --enable-plugins --enable-gold --enable-ld=default --prefix=/share/apps/eb3/software/GCCcore/12.2.0 --with-local-prefix=/share/apps/eb3/software/GCCcore/12.2.0 --enable-bootstrap --with-isl=/project/builduser/easybuild/build/GCCcore/12.2.0/system-system/gcc-12.2.0/stage2_stuff --build=x86_64-pc-linux-gnu --host=x86_64-pc-linux-gnu]
  ignore line: [Thread model: posix]
  ignore line: [Supported LTO compression algorithms: zlib]
  ignore line: [gcc version 12.2.0 (GCC) ]
  ignore line: [COLLECT_GCC_OPTIONS='-v' '-o' 'CMakeFiles/cmTC_6b004.dir/CMakeCCompilerABI.c.o' '-c' '-mtune=generic' '-march=x86-64' '-dumpdir' 'CMakeFiles/cmTC_6b004.dir/']
  ignore line: [ /share/apps/eb3/software/GCCcore/12.2.0/libexec/gcc/x86_64-pc-linux-gnu/12.2.0/cc1 -quiet -v /share/apps/eb3/software/CMake/3.24.3-GCCcore-12.2.0/share/cmake-3.24/Modules/CMakeCCompilerABI.c -quiet -dumpdir CMakeFiles/cmTC_6b004.dir/ -dumpbase CMakeCCompilerABI.c.c -dumpbase-ext .c -mtune=generic -march=x86-64 -version -o /tmp/ccO6HCP0.s]
  ignore line: [GNU C17 (GCC) version 12.2.0 (x86_64-pc-linux-gnu)]
  ignore line: [	compiled by GNU C version 12.2.0  GMP version 6.2.1  MPFR version 4.1.0  MPC version 1.2.1  isl version isl-0.24-GMP]
  ignore line: []
  ignore line: [GGC heuristics: --param ggc-min-expand=100 --param ggc-min-heapsize=131072]
  ignore line: [ignoring nonexistent directory "/share/apps/eb3/software/GCCcore/12.2.0/lib/gcc/x86_64-pc-linux-gnu/12.2.0/include-fixed"]
  ignore line: [ignoring nonexistent directory "/share/apps/eb3/software/GCCcore/12.2.0/lib/gcc/x86_64-pc-linux-gnu/12.2.0/../../../../x86_64-pc-linux-gnu/include"]
  ignore line: [#include "..." search starts here:]
  ignore line: [#include <...> search starts here:]
  ignore line: [ /share/apps/eb3/software/libarchive/3.6.1-GCCcore-12.2.0/include]
  ignore line: [ /share/apps/eb3/software/XZ/5.2.7-GCCcore-12.2.0/include]
  ignore line: [ /share/apps/eb3/software/cURL/7.86.0-GCCcore-12.2.0/include]
  ignore line: [ /share/apps/eb3/software/bzip2/1.0.8-GCCcore-12.2.0/include]
  ignore line: [ /share/apps/eb3/software/zlib/1.2.12-GCCcore-12.2.0/include]
  ignore line: [ /share/apps/eb3/software/ncurses/6.3-GCCcore-12.2.0/include]
  ignore line: [ /share/apps/eb3/software/Eigen/3.4.0-GCCcore-12.2.0/include]
  ignore line: [ /share/apps/eb3/software/HDF5/1.12.2-gompi-2022a/include]
  ignore line: [ /share/apps/eb3/software/Szip/2.1.1-GCCcore-11.3.0/include]
  ignore line: [ /share/apps/eb3/software/FFTW.MPI/3.3.10-gompi-2022a/include]
  ignore line: [ /share/apps/eb3/software/FFTW/3.3.10-GCC-11.3.0/include]
  ignore line: [ /share/apps/eb3/software/FlexiBLAS/3.2.0-GCC-11.3.0/include]
  ignore line: [ /share/apps/eb3/software/OpenBLAS/0.3.20-GCC-11.3.0/include]
  ignore line: [ /share/apps/eb3/software/OpenMPI/4.1.4-GCC-11.3.0/include]
  ignore line: [ /share/apps/eb3/software/UCC/1.0.0-GCCcore-11.3.0/include]
  ignore line: [ /share/apps/eb3/software/PMIx/4.1.2-GCCcore-11.3.0/include]
  ignore line: [ /share/apps/eb3/software/libfabric/1.15.1-GCCcore-11.3.0/include]
  ignore line: [ /share/apps/eb3/software/UCX/1.12.1-GCCcore-11.3.0/include]
  ignore line: [ /share/apps/eb3/software/libevent/2.1.12-GCCcore-11.3.0/include]
  ignore line: [ /share/apps/eb3/software/x86_64/OpenSSL/1.1/include]
  ignore line: [ /share/apps/eb3/software/hwloc/2.7.1-GCCcore-11.3.0/include]
  ignore line: [ /share/apps/eb3/software/libpciaccess/0.16-GCCcore-11.3.0/include]
  ignore line: [ /share/apps/eb3/software/libxml2/2.9.13-GCCcore-11.3.0/include/libxml2]
  ignore line: [ /share/apps/eb3/software/libxml2/2.9.13-GCCcore-11.3.0/include]
  ignore line: [ /share/apps/eb3/software/numactl/2.0.14-GCCcore-11.3.0/include]
  ignore line: [ /share/apps/eb3/software/binutils/2.38-GCCcore-11.3.0/include]
  ignore line: [ /share/apps/eb3/software/GCCcore/12.2.0/lib/gcc/x86_64-pc-linux-gnu/12.2.0/include]
  ignore line: [ /share/apps/eb3/software/GCCcore/12.2.0/include]
  ignore line: [ /usr/include]
  ignore line: [End of search list.]
  ignore line: [GNU C17 (GCC) version 12.2.0 (x86_64-pc-linux-gnu)]
  ignore line: [	compiled by GNU C version 12.2.0  GMP version 6.2.1  MPFR version 4.1.0  MPC version 1.2.1  isl version isl-0.24-GMP]
  ignore line: []
  ignore line: [GGC heuristics: --param ggc-min-expand=100 --param ggc-min-heapsize=131072]
  ignore line: [Compiler executable checksum: 52465c9edd0e952d9499b38feaf34663]
  ignore line: [COLLECT_GCC_OPTIONS='-v' '-o' 'CMakeFiles/cmTC_6b004.dir/CMakeCCompilerABI.c.o' '-c' '-mtune=generic' '-march=x86-64' '-dumpdir' 'CMakeFiles/cmTC_6b004.dir/']
  ignore line: [ as -v --64 -o CMakeFiles/cmTC_6b004.dir/CMakeCCompilerABI.c.o /tmp/ccO6HCP0.s]
  ignore line: [GNU assembler version 2.38 (x86_64-pc-linux-gnu) using BFD version (GNU Binutils) 2.38]
  ignore line: [COMPILER_PATH=/share/apps/eb3/software/GCCcore/12.2.0/libexec/gcc/x86_64-pc-linux-gnu/12.2.0/:/share/apps/eb3/software/GCCcore/12.2.0/libexec/gcc/x86_64-pc-linux-gnu/12.2.0/:/share/apps/eb3/software/GCCcore/12.2.0/libexec/gcc/x86_64-pc-linux-gnu/:/share/apps/eb3/software/GCCcore/12.2.0/lib/gcc/x86_64-pc-linux-gnu/12.2.0/:/share/apps/eb3/software/GCCcore/12.2.0/lib/gcc/x86_64-pc-linux-gnu/]
  ignore line: [LIBRARY_PATH=/share/apps/eb3/software/libarchive/3.6.1-GCCcore-12.2.0/lib/../lib64/:/share/apps/eb3/software/XZ/5.2.7-GCCcore-12.2.0/lib/../lib64/:/share/apps/eb3/software/cURL/7.86.0-GCCcore-12.2.0/lib/../lib64/:/share/apps/eb3/software/bzip2/1.0.8-GCCcore-12.2.0/lib/../lib64/:/share/apps/eb3/software/zlib/1.2.12-GCCcore-12.2.0/lib/../lib64/:/share/apps/eb3/software/ncurses/6.3-GCCcore-12.2.0/lib/../lib64/:/share/apps/eb3/software/HDF5/1.12.2-gompi-2022a/lib/../lib64/:/share/apps/eb3/software/Szip/2.1.1-GCCcore-11.3.0/lib/../lib64/:/share/apps/eb3/software/ScaLAPACK/2.2.0-gompi-2022a-fb/lib/../lib64/:/share/apps/eb3/software/FFTW.MPI/3.3.10-gompi-2022a/lib/../lib64/:/share/apps/eb3/software/FFTW/3.3.10-GCC-11.3.0/lib/../lib64/:/share/apps/eb3/software/FlexiBLAS/3.2.0-GCC-11.3.0/lib/../lib64/:/share/apps/eb3/software/OpenBLAS/0.3.20-GCC-11.3.0/lib/../lib64/:/share/apps/eb3/software/OpenMPI/4.1.4-GCC-11.3.0/lib/../lib64/:/share/apps/eb3/software/UCC/1.0.0-GCCcore-11.3.0/lib/../lib64/:/share/apps/eb3/software/PMIx/4.1.2-GCCcore-11.3.0/lib/../lib64/:/share/apps/eb3/software/libfabric/1.15.1-GCCcore-11.3.0/lib/../lib64/:/share/apps/eb3/software/UCX/1.12.1-GCCcore-11.3.0/lib/../lib64/:/share/apps/eb3/software/libevent/2.1.12-GCCcore-11.3.0/lib/../lib64/:/share/apps/eb3/software/x86_64/OpenSSL/1.1/lib/../lib64/:/share/apps/eb3/software/hwloc/2.7.1-GCCcore-11.3.0/lib/../lib64/:/share/apps/eb3/software/libpciaccess/0.16-GCCcore-11.3.0/lib/../lib64/:/share/apps/eb3/software/libxml2/2.9.13-GCCcore-11.3.0/lib/../lib64/:/share/apps/eb3/software/numactl/2.0.14-GCCcore-11.3.0/lib/../lib64/:/share/apps/eb3/software/binutils/2.38-GCCcore-11.3.0/lib/../lib64/:/share/apps/eb3/software/GCCcore/12.2.0/lib/gcc/x86_64-pc-linux-gnu/12.2.0/:/share/apps/eb3/software/GCCcore/12.2.0/lib/gcc/x86_64-pc-linux-gnu/12.2.0/../../../../lib64/:/lib/../lib64/:/usr/lib/../lib64/:/share/apps/eb3/software/libarchive/3.6.1-GCCcore-12.2.0/lib/:/share/apps/eb3/software/XZ/5.2.7-GCCcore-12.2.0/lib/:/share/apps/eb3/software/cURL/7.86.0-GCCcore-12.2.0/lib/:/share/apps/eb3/software/bzip2/1.0.8-GCCcore-12.2.0/lib/:/share/apps/eb3/software/zlib/1.2.12-GCCcore-12.2.0/lib/:/share/apps/eb3/software/ncurses/6.3-GCCcore-12.2.0/lib/:/share/apps/eb3/software/HDF5/1.12.2-gompi-2022a/lib/:/share/apps/eb3/software/Szip/2.1.1-GCCcore-11.3.0/lib/:/share/apps/eb3/software/ScaLAPACK/2.2.0-gompi-2022a-fb/lib/:/share/apps/eb3/software/FFTW.MPI/3.3.10-gompi-2022a/lib/:/share/apps/eb3/software/FFTW/3.3.10-GCC-11.3.0/lib/:/share/apps/eb3/software/FlexiBLAS/3.2.0-GCC-11.3.0/lib/:/share/apps/eb3/software/OpenBLAS/0.3.20-GCC-11.3.0/lib/:/share/apps/eb3/software/OpenMPI/4.1.4-GCC-11.3.0/lib/:/share/apps/eb3/software/UCC/1.0.0-GCCcore-11.3.0/lib/:/share/apps/eb3/software/PMIx/4.1.2-GCCcore-11.3.0/lib/:/share/apps/eb3/software/libfabric/1.15.1-GCCcore-11.3.0/lib/:/share/apps/eb3/software/UCX/1.12.1-GCCcore-11.3.0/lib/:/share/apps/eb3/software/libevent/2.1.12-GCCcore-11.3.0/lib/:/share/apps/eb3/software/x86_64/OpenSSL/1.1/lib/:/share/apps/eb3/software/hwloc/2.7.1-GCCcore-11.3.0/lib/:/share/apps/eb3/software/libpciaccess/0.16-GCCcore-11.3.0/lib/:/share/apps/eb3/software/libxml2/2.9.13-GCCcore-11.3.0/lib/:/share/apps/eb3/software/numactl/2.0.14-GCCcore-11.3.0/lib/:/share/apps/eb3/software/binutils/2.38-GCCcore-11.3.0/lib/:/share/apps/eb3/software/GCCcore/12.2.0/lib/gcc/x86_64-pc-linux-gnu/12.2.0/../../../:/lib/:/usr/lib/]
  ignore line: [COLLECT_GCC_OPTIONS='-v' '-o' 'CMakeFiles/cmTC_6b004.dir/CMakeCCompilerABI.c.o' '-c' '-mtune=generic' '-march=x86-64' '-dumpdir' 'CMakeFiles/cmTC_6b004.dir/CMakeCCompilerABI.c.']
  ignore line: [Linking C executable cmTC_6b004]
  ignore line: [/share/apps/eb3/software/CMake/3.24.3-GCCcore-12.2.0/bin/cmake -E cmake_link_script CMakeFiles/cmTC_6b004.dir/link.txt --verbose=1]
  ignore line: [/share/apps/eb3/software/GCCcore/12.2.0/bin/cc  -v -rdynamic CMakeFiles/cmTC_6b004.dir/CMakeCCompilerABI.c.o -o cmTC_6b004 ]
  ignore line: [Using built-in specs.]
  ignore line: [COLLECT_GCC=/share/apps/eb3/software/GCCcore/12.2.0/bin/cc]
  ignore line: [COLLECT_LTO_WRAPPER=/share/apps/eb3/software/GCCcore/12.2.0/libexec/gcc/x86_64-pc-linux-gnu/12.2.0/lto-wrapper]
  ignore line: [OFFLOAD_TARGET_NAMES=nvptx-none]
  ignore line: [Target: x86_64-pc-linux-gnu]
  ignore line: [Configured with: ../configure --enable-languages=c,c++,fortran --without-cuda-driver --enable-offload-targets=nvptx-none --enable-lto --enable-checking=release --disable-multilib --enable-shared=yes --enable-static=yes --enable-threads=posix --enable-plugins --enable-gold --enable-ld=default --prefix=/share/apps/eb3/software/GCCcore/12.2.0 --with-local-prefix=/share/apps/eb3/software/GCCcore/12.2.0 --enable-bootstrap --with-isl=/project/builduser/easybuild/build/GCCcore/12.2.0/system-system/gcc-12.2.0/stage2_stuff --build=x86_64-pc-linux-gnu --host=x86_64-pc-linux-gnu]
  ignore line: [Thread model: posix]
  ignore line: [Supported LTO compression algorithms: zlib]
  ignore line: [gcc version 12.2.0 (GCC) ]
  ignore line: [COMPILER_PATH=/share/apps/eb3/software/GCCcore/12.2.0/libexec/gcc/x86_64-pc-linux-gnu/12.2.0/:/share/apps/eb3/software/GCCcore/12.2.0/libexec/gcc/x86_64-pc-linux-gnu/12.2.0/:/share/apps/eb3/software/GCCcore/12.2.0/libexec/gcc/x86_64-pc-linux-gnu/:/share/apps/eb3/software/GCCcore/12.2.0/lib/gcc/x86_64-pc-linux-gnu/12.2.0/:/share/apps/eb3/software/GCCcore/12.2.0/lib/gcc/x86_64-pc-linux-gnu/]
  ignore line: [LIBRARY_PATH=/share/apps/eb3/software/libarchive/3.6.1-GCCcore-12.2.0/lib/../lib64/:/share/apps/eb3/software/XZ/5.2.7-GCCcore-12.2.0/lib/../lib64/:/share/apps/eb3/software/cURL/7.86.0-GCCcore-12.2.0/lib/../lib64/:/share/apps/eb3/software/bzip2/1.0.8-GCCcore-12.2.0/lib/../lib64/:/share/apps/eb3/software/zlib/1.2.12-GCCcore-12.2.0/lib/../lib64/:/share/apps/eb3/software/ncurses/6.3-GCCcore-12.2.0/lib/../lib64/:/share/apps/eb3/software/HDF5/1.12.2-gompi-2022a/lib/../lib64/:/share/apps/eb3/software/Szip/2.1.1-GCCcore-11.3.0/lib/../lib64/:/share/apps/eb3/software/ScaLAPACK/2.2.0-gompi-2022a-fb/lib/../lib64/:/share/apps/eb3/software/FFTW.MPI/3.3.10-gompi-2022a/lib/../lib64/:/share/apps/eb3/software/FFTW/3.3.10-GCC-11.3.0/lib/../lib64/:/share/apps/eb3/software/FlexiBLAS/3.2.0-GCC-11.3.0/lib/../lib64/:/share/apps/eb3/software/OpenBLAS/0.3.20-GCC-11.3.0/lib/../lib64/:/share/apps/eb3/software/OpenMPI/4.1.4-GCC-11.3.0/lib/../lib64/:/share/apps/eb3/software/UCC/1.0.0-GCCcore-11.3.0/lib/../lib64/:/share/apps/eb3/software/PMIx/4.1.2-GCCcore-11.3.0/lib/../lib64/:/share/apps/eb3/software/libfabric/1.15.1-GCCcore-11.3.0/lib/../lib64/:/share/apps/eb3/software/UCX/1.12.1-GCCcore-11.3.0/lib/../lib64/:/share/apps/eb3/software/libevent/2.1.12-GCCcore-11.3.0/lib/../lib64/:/share/apps/eb3/software/x86_64/OpenSSL/1.1/lib/../lib64/:/share/apps/eb3/software/hwloc/2.7.1-GCCcore-11.3.0/lib/../lib64/:/share/apps/eb3/software/libpciaccess/0.16-GCCcore-11.3.0/lib/../lib64/:/share/apps/eb3/software/libxml2/2.9.13-GCCcore-11.3.0/lib/../lib64/:/share/apps/eb3/software/numactl/2.0.14-GCCcore-11.3.0/lib/../lib64/:/share/apps/eb3/software/binutils/2.38-GCCcore-11.3.0/lib/../lib64/:/share/apps/eb3/software/GCCcore/12.2.0/lib/gcc/x86_64-pc-linux-gnu/12.2.0/:/share/apps/eb3/software/GCCcore/12.2.0/lib/gcc/x86_64-pc-linux-gnu/12.2.0/../../../../lib64/:/lib/../lib64/:/usr/lib/../lib64/:/share/apps/eb3/software/libarchive/3.6.1-GCCcore-12.2.0/lib/:/share/apps/eb3/software/XZ/5.2.7-GCCcore-12.2.0/lib/:/share/apps/eb3/software/cURL/7.86.0-GCCcore-12.2.0/lib/:/share/apps/eb3/software/bzip2/1.0.8-GCCcore-12.2.0/lib/:/share/apps/eb3/software/zlib/1.2.12-GCCcore-12.2.0/lib/:/share/apps/eb3/software/ncurses/6.3-GCCcore-12.2.0/lib/:/share/apps/eb3/software/HDF5/1.12.2-gompi-2022a/lib/:/share/apps/eb3/software/Szip/2.1.1-GCCcore-11.3.0/lib/:/share/apps/eb3/software/ScaLAPACK/2.2.0-gompi-2022a-fb/lib/:/share/apps/eb3/software/FFTW.MPI/3.3.10-gompi-2022a/lib/:/share/apps/eb3/software/FFTW/3.3.10-GCC-11.3.0/lib/:/share/apps/eb3/software/FlexiBLAS/3.2.0-GCC-11.3.0/lib/:/share/apps/eb3/software/OpenBLAS/0.3.20-GCC-11.3.0/lib/:/share/apps/eb3/software/OpenMPI/4.1.4-GCC-11.3.0/lib/:/share/apps/eb3/software/UCC/1.0.0-GCCcore-11.3.0/lib/:/share/apps/eb3/software/PMIx/4.1.2-GCCcore-11.3.0/lib/:/share/apps/eb3/software/libfabric/1.15.1-GCCcore-11.3.0/lib/:/share/apps/eb3/software/UCX/1.12.1-GCCcore-11.3.0/lib/:/share/apps/eb3/software/libevent/2.1.12-GCCcore-11.3.0/lib/:/share/apps/eb3/software/x86_64/OpenSSL/1.1/lib/:/share/apps/eb3/software/hwloc/2.7.1-GCCcore-11.3.0/lib/:/share/apps/eb3/software/libpciaccess/0.16-GCCcore-11.3.0/lib/:/share/apps/eb3/software/libxml2/2.9.13-GCCcore-11.3.0/lib/:/share/apps/eb3/software/numactl/2.0.14-GCCcore-11.3.0/lib/:/share/apps/eb3/software/binutils/2.38-GCCcore-11.3.0/lib/:/share/apps/eb3/software/GCCcore/12.2.0/lib/gcc/x86_64-pc-linux-gnu/12.2.0/../../../:/lib/:/usr/lib/]
  ignore line: [COLLECT_GCC_OPTIONS='-v' '-rdynamic' '-o' 'cmTC_6b004' '-mtune=generic' '-march=x86-64' '-dumpdir' 'cmTC_6b004.']
  link line: [ /share/apps/eb3/software/GCCcore/12.2.0/libexec/gcc/x86_64-pc-linux-gnu/12.2.0/collect2 -plugin /share/apps/eb3/software/GCCcore/12.2.0/libexec/gcc/x86_64-pc-linux-gnu/12.2.0/liblto_plugin.so -plugin-opt=/share/apps/eb3/software/GCCcore/12.2.0/libexec/gcc/x86_64-pc-linux-gnu/12.2.0/lto-wrapper -plugin-opt=-fresolution=/tmp/cc7KSfMp.res -plugin-opt=-pass-through=-lgcc -plugin-opt=-pass-through=-lgcc_s -plugin-opt=-pass-through=-lc -plugin-opt=-pass-through=-lgcc -plugin-opt=-pass-through=-lgcc_s --eh-frame-hdr -m elf_x86_64 -export-dynamic -dynamic-linker /lib64/ld-linux-x86-64.so.2 -o cmTC_6b004 /lib/../lib64/crt1.o /lib/../lib64/crti.o /share/apps/eb3/software/GCCcore/12.2.0/lib/gcc/x86_64-pc-linux-gnu/12.2.0/crtbegin.o -L/share/apps/eb3/software/libarchive/3.6.1-GCCcore-12.2.0/lib/../lib64 -L/share/apps/eb3/software/XZ/5.2.7-GCCcore-12.2.0/lib/../lib64 -L/share/apps/eb3/software/cURL/7.86.0-GCCcore-12.2.0/lib/../lib64 -L/share/apps/eb3/software/bzip2/1.0.8-GCCcore-12.2.0/lib/../lib64 -L/share/apps/eb3/software/zlib/1.2.12-GCCcore-12.2.0/lib/../lib64 -L/share/apps/eb3/software/ncurses/6.3-GCCcore-12.2.0/lib/../lib64 -L/share/apps/eb3/software/HDF5/1.12.2-gompi-2022a/lib/../lib64 -L/share/apps/eb3/software/Szip/2.1.1-GCCcore-11.3.0/lib/../lib64 -L/share/apps/eb3/software/ScaLAPACK/2.2.0-gompi-2022a-fb/lib/../lib64 -L/share/apps/eb3/software/FFTW.MPI/3.3.10-gompi-2022a/lib/../lib64 -L/share/apps/eb3/software/FFTW/3.3.10-GCC-11.3.0/lib/../lib64 -L/share/apps/eb3/software/FlexiBLAS/3.2.0-GCC-11.3.0/lib/../lib64 -L/share/apps/eb3/software/OpenBLAS/0.3.20-GCC-11.3.0/lib/../lib64 -L/share/apps/eb3/software/OpenMPI/4.1.4-GCC-11.3.0/lib/../lib64 -L/share/apps/eb3/software/UCC/1.0.0-GCCcore-11.3.0/lib/../lib64 -L/share/apps/eb3/software/PMIx/4.1.2-GCCcore-11.3.0/lib/../lib64 -L/share/apps/eb3/software/libfabric/1.15.1-GCCcore-11.3.0/lib/../lib64 -L/share/apps/eb3/software/UCX/1.12.1-GCCcore-11.3.0/lib/../lib64 -L/share/apps/eb3/software/libevent/2.1.12-GCCcore-11.3.0/lib/../lib64 -L/share/apps/eb3/software/x86_64/OpenSSL/1.1/lib/../lib64 -L/share/apps/eb3/software/hwloc/2.7.1-GCCcore-11.3.0/lib/../lib64 -L/share/apps/eb3/software/libpciaccess/0.16-GCCcore-11.3.0/lib/../lib64 -L/share/apps/eb3/software/libxml2/2.9.13-GCCcore-11.3.0/lib/../lib64 -L/share/apps/eb3/software/numactl/2.0.14-GCCcore-11.3.0/lib/../lib64 -L/share/apps/eb3/software/binutils/2.38-GCCcore-11.3.0/lib/../lib64 -L/share/apps/eb3/software/GCCcore/12.2.0/lib/gcc/x86_64-pc-linux-gnu/12.2.0 -L/share/apps/eb3/software/GCCcore/12.2.0/lib/gcc/x86_64-pc-linux-gnu/12.2.0/../../../../lib64 -L/lib/../lib64 -L/usr/lib/../lib64 -L/share/apps/eb3/software/libarchive/3.6.1-GCCcore-12.2.0/lib -L/share/apps/eb3/software/XZ/5.2.7-GCCcore-12.2.0/lib -L/share/apps/eb3/software/cURL/7.86.0-GCCcore-12.2.0/lib -L/share/apps/eb3/software/bzip2/1.0.8-GCCcore-12.2.0/lib -L/share/apps/eb3/software/zlib/1.2.12-GCCcore-12.2.0/lib -L/share/apps/eb3/software/ncurses/6.3-GCCcore-12.2.0/lib -L/share/apps/eb3/software/HDF5/1.12.2-gompi-2022a/lib -L/share/apps/eb3/software/Szip/2.1.1-GCCcore-11.3.0/lib -L/share/apps/eb3/software/ScaLAPACK/2.2.0-gompi-2022a-fb/lib -L/share/apps/eb3/software/FFTW.MPI/3.3.10-gompi-2022a/lib -L/share/apps/eb3/software/FFTW/3.3.10-GCC-11.3.0/lib -L/share/apps/eb3/software/FlexiBLAS/3.2.0-GCC-11.3.0/lib -L/share/apps/eb3/software/OpenBLAS/0.3.20-GCC-11.3.0/lib -L/share/apps/eb3/software/OpenMPI/4.1.4-GCC-11.3.0/lib -L/share/apps/eb3/software/UCC/1.0.0-GCCcore-11.3.0/lib -L/share/apps/eb3/software/PMIx/4.1.2-GCCcore-11.3.0/lib -L/share/apps/eb3/software/libfabric/1.15.1-GCCcore-11.3.0/lib -L/share/apps/eb3/software/UCX/1.12.1-GCCcore-11.3.0/lib -L/share/apps/eb3/software/libevent/2.1.12-GCCcore-11.3.0/lib -L/share/apps/eb3/software/x86_64/OpenSSL/1.1/lib -L/share/apps/eb3/software/hwloc/2.7.1-GCCcore-11.3.0/lib -L/share/apps/eb3/software/libpciaccess/0.16-GCCcore-11.3.0/lib -L/share/apps/eb3/software/libxml2/2.9.13-GCCcore-11.3.0/lib -L/share/apps/eb3/software/numactl/2.0.14-GCCcore-11.3.0/lib -L/share/apps/eb3/software/binutils/2.38-GCCcore-11.3.0/lib -L/share/apps/eb3/software/GCCcore/12.2.0/lib/gcc/x86_64-pc-linux-gnu/12.2.0/../../.. CMakeFiles/cmTC_6b004.dir/CMakeCCompilerABI.c.o -lgcc --push-state --as-needed -lgcc_s --pop-state -lc -lgcc --push-state --as-needed -lgcc_s --pop-state /share/apps/eb3/software/GCCcore/12.2.0/lib/gcc/x86_64-pc-linux-gnu/12.2.0/crtend.o /lib/../lib64/crtn.o]
    arg [/share/apps/eb3/software/GCCcore/12.2.0/libexec/gcc/x86_64-pc-linux-gnu/12.2.0/collect2] ==> ignore
    arg [-plugin] ==> ignore
    arg [/share/apps/eb3/software/GCCcore/12.2.0/libexec/gcc/x86_64-pc-linux-gnu/12.2.0/liblto_plugin.so] ==> ignore
    arg [-plugin-opt=/share/apps/eb3/software/GCCcore/12.2.0/libexec/gcc/x86_64-pc-linux-gnu/12.2.0/lto-wrapper] ==> ignore
    arg [-plugin-opt=-fresolution=/tmp/cc7KSfMp.res] ==> ignore
    arg [-plugin-opt=-pass-through=-lgcc] ==> ignore
    arg [-plugin-opt=-pass-through=-lgcc_s] ==> ignore
    arg [-plugin-opt=-pass-through=-lc] ==> ignore
    arg [-plugin-opt=-pass-through=-lgcc] ==> ignore
    arg [-plugin-opt=-pass-through=-lgcc_s] ==> ignore
    arg [--eh-frame-hdr] ==> ignore
    arg [-m] ==> ignore
    arg [elf_x86_64] ==> ignore
    arg [-export-dynamic] ==> ignore
    arg [-dynamic-linker] ==> ignore
    arg [/lib64/ld-linux-x86-64.so.2] ==> ignore
    arg [-o] ==> ignore
    arg [cmTC_6b004] ==> ignore
    arg [/lib/../lib64/crt1.o] ==> obj [/lib/../lib64/crt1.o]
    arg [/lib/../lib64/crti.o] ==> obj [/lib/../lib64/crti.o]
    arg [/share/apps/eb3/software/GCCcore/12.2.0/lib/gcc/x86_64-pc-linux-gnu/12.2.0/crtbegin.o] ==> obj [/share/apps/eb3/software/GCCcore/12.2.0/lib/gcc/x86_64-pc-linux-gnu/12.2.0/crtbegin.o]
    arg [-L/share/apps/eb3/software/libarchive/3.6.1-GCCcore-12.2.0/lib/../lib64] ==> dir [/share/apps/eb3/software/libarchive/3.6.1-GCCcore-12.2.0/lib/../lib64]
    arg [-L/share/apps/eb3/software/XZ/5.2.7-GCCcore-12.2.0/lib/../lib64] ==> dir [/share/apps/eb3/software/XZ/5.2.7-GCCcore-12.2.0/lib/../lib64]
    arg [-L/share/apps/eb3/software/cURL/7.86.0-GCCcore-12.2.0/lib/../lib64] ==> dir [/share/apps/eb3/software/cURL/7.86.0-GCCcore-12.2.0/lib/../lib64]
    arg [-L/share/apps/eb3/software/bzip2/1.0.8-GCCcore-12.2.0/lib/../lib64] ==> dir [/share/apps/eb3/software/bzip2/1.0.8-GCCcore-12.2.0/lib/../lib64]
    arg [-L/share/apps/eb3/software/zlib/1.2.12-GCCcore-12.2.0/lib/../lib64] ==> dir [/share/apps/eb3/software/zlib/1.2.12-GCCcore-12.2.0/lib/../lib64]
    arg [-L/share/apps/eb3/software/ncurses/6.3-GCCcore-12.2.0/lib/../lib64] ==> dir [/share/apps/eb3/software/ncurses/6.3-GCCcore-12.2.0/lib/../lib64]
    arg [-L/share/apps/eb3/software/HDF5/1.12.2-gompi-2022a/lib/../lib64] ==> dir [/share/apps/eb3/software/HDF5/1.12.2-gompi-2022a/lib/../lib64]
    arg [-L/share/apps/eb3/software/Szip/2.1.1-GCCcore-11.3.0/lib/../lib64] ==> dir [/share/apps/eb3/software/Szip/2.1.1-GCCcore-11.3.0/lib/../lib64]
    arg [-L/share/apps/eb3/software/ScaLAPACK/2.2.0-gompi-2022a-fb/lib/../lib64] ==> dir [/share/apps/eb3/software/ScaLAPACK/2.2.0-gompi-2022a-fb/lib/../lib64]
    arg [-L/share/apps/eb3/software/FFTW.MPI/3.3.10-gompi-2022a/lib/../lib64] ==> dir [/share/apps/eb3/software/FFTW.MPI/3.3.10-gompi-2022a/lib/../lib64]
    arg [-L/share/apps/eb3/software/FFTW/3.3.10-GCC-11.3.0/lib/../lib64] ==> dir [/share/apps/eb3/software/FFTW/3.3.10-GCC-11.3.0/lib/../lib64]
    arg [-L/share/apps/eb3/software/FlexiBLAS/3.2.0-GCC-11.3.0/lib/../lib64] ==> dir [/share/apps/eb3/software/FlexiBLAS/3.2.0-GCC-11.3.0/lib/../lib64]
    arg [-L/share/apps/eb3/software/OpenBLAS/0.3.20-GCC-11.3.0/lib/../lib64] ==> dir [/share/apps/eb3/software/OpenBLAS/0.3.20-GCC-11.3.0/lib/../lib64]
    arg [-L/share/apps/eb3/software/OpenMPI/4.1.4-GCC-11.3.0/lib/../lib64] ==> dir [/share/apps/eb3/software/OpenMPI/4.1.4-GCC-11.3.0/lib/../lib64]
    arg [-L/share/apps/eb3/software/UCC/1.0.0-GCCcore-11.3.0/lib/../lib64] ==> dir [/share/apps/eb3/software/UCC/1.0.0-GCCcore-11.3.0/lib/../lib64]
    arg [-L/share/apps/eb3/software/PMIx/4.1.2-GCCcore-11.3.0/lib/../lib64] ==> dir [/share/apps/eb3/software/PMIx/4.1.2-GCCcore-11.3.0/lib/../lib64]
    arg [-L/share/apps/eb3/software/libfabric/1.15.1-GCCcore-11.3.0/lib/../lib64] ==> dir [/share/apps/eb3/software/libfabric/1.15.1-GCCcore-11.3.0/lib/../lib64]
    arg [-L/share/apps/eb3/software/UCX/1.12.1-GCCcore-11.3.0/lib/../lib64] ==> dir [/share/apps/eb3/software/UCX/1.12.1-GCCcore-11.3.0/lib/../lib64]
    arg [-L/share/apps/eb3/software/libevent/2.1.12-GCCcore-11.3.0/lib/../lib64] ==> dir [/share/apps/eb3/software/libevent/2.1.12-GCCcore-11.3.0/lib/../lib64]
    arg [-L/share/apps/eb3/software/x86_64/OpenSSL/1.1/lib/../lib64] ==> dir [/share/apps/eb3/software/x86_64/OpenSSL/1.1/lib/../lib64]
    arg [-L/share/apps/eb3/software/hwloc/2.7.1-GCCcore-11.3.0/lib/../lib64] ==> dir [/share/apps/eb3/software/hwloc/2.7.1-GCCcore-11.3.0/lib/../lib64]
    arg [-L/share/apps/eb3/software/libpciaccess/0.16-GCCcore-11.3.0/lib/../lib64] ==> dir [/share/apps/eb3/software/libpciaccess/0.16-GCCcore-11.3.0/lib/../lib64]
    arg [-L/share/apps/eb3/software/libxml2/2.9.13-GCCcore-11.3.0/lib/../lib64] ==> dir [/share/apps/eb3/software/libxml2/2.9.13-GCCcore-11.3.0/lib/../lib64]
    arg [-L/share/apps/eb3/software/numactl/2.0.14-GCCcore-11.3.0/lib/../lib64] ==> dir [/share/apps/eb3/software/numactl/2.0.14-GCCcore-11.3.0/lib/../lib64]
    arg [-L/share/apps/eb3/software/binutils/2.38-GCCcore-11.3.0/lib/../lib64] ==> dir [/share/apps/eb3/software/binutils/2.38-GCCcore-11.3.0/lib/../lib64]
    arg [-L/share/apps/eb3/software/GCCcore/12.2.0/lib/gcc/x86_64-pc-linux-gnu/12.2.0] ==> dir [/share/apps/eb3/software/GCCcore/12.2.0/lib/gcc/x86_64-pc-linux-gnu/12.2.0]
    arg [-L/share/apps/eb3/software/GCCcore/12.2.0/lib/gcc/x86_64-pc-linux-gnu/12.2.0/../../../../lib64] ==> dir [/share/apps/eb3/software/GCCcore/12.2.0/lib/gcc/x86_64-pc-linux-gnu/12.2.0/../../../../lib64]
    arg [-L/lib/../lib64] ==> dir [/lib/../lib64]
    arg [-L/usr/lib/../lib64] ==> dir [/usr/lib/../lib64]
    arg [-L/share/apps/eb3/software/libarchive/3.6.1-GCCcore-12.2.0/lib] ==> dir [/share/apps/eb3/software/libarchive/3.6.1-GCCcore-12.2.0/lib]
    arg [-L/share/apps/eb3/software/XZ/5.2.7-GCCcore-12.2.0/lib] ==> dir [/share/apps/eb3/software/XZ/5.2.7-GCCcore-12.2.0/lib]
    arg [-L/share/apps/eb3/software/cURL/7.86.0-GCCcore-12.2.0/lib] ==> dir [/share/apps/eb3/software/cURL/7.86.0-GCCcore-12.2.0/lib]
    arg [-L/share/apps/eb3/software/bzip2/1.0.8-GCCcore-12.2.0/lib] ==> dir [/share/apps/eb3/software/bzip2/1.0.8-GCCcore-12.2.0/lib]
    arg [-L/share/apps/eb3/software/zlib/1.2.12-GCCcore-12.2.0/lib] ==> dir [/share/apps/eb3/software/zlib/1.2.12-GCCcore-12.2.0/lib]
    arg [-L/share/apps/eb3/software/ncurses/6.3-GCCcore-12.2.0/lib] ==> dir [/share/apps/eb3/software/ncurses/6.3-GCCcore-12.2.0/lib]
    arg [-L/share/apps/eb3/software/HDF5/1.12.2-gompi-2022a/lib] ==> dir [/share/apps/eb3/software/HDF5/1.12.2-gompi-2022a/lib]
    arg [-L/share/apps/eb3/software/Szip/2.1.1-GCCcore-11.3.0/lib] ==> dir [/share/apps/eb3/software/Szip/2.1.1-GCCcore-11.3.0/lib]
    arg [-L/share/apps/eb3/software/ScaLAPACK/2.2.0-gompi-2022a-fb/lib] ==> dir [/share/apps/eb3/software/ScaLAPACK/2.2.0-gompi-2022a-fb/lib]
    arg [-L/share/apps/eb3/software/FFTW.MPI/3.3.10-gompi-2022a/lib] ==> dir [/share/apps/eb3/software/FFTW.MPI/3.3.10-gompi-2022a/lib]
    arg [-L/share/apps/eb3/software/FFTW/3.3.10-GCC-11.3.0/lib] ==> dir [/share/apps/eb3/software/FFTW/3.3.10-GCC-11.3.0/lib]
    arg [-L/share/apps/eb3/software/FlexiBLAS/3.2.0-GCC-11.3.0/lib] ==> dir [/share/apps/eb3/software/FlexiBLAS/3.2.0-GCC-11.3.0/lib]
    arg [-L/share/apps/eb3/software/OpenBLAS/0.3.20-GCC-11.3.0/lib] ==> dir [/share/apps/eb3/software/OpenBLAS/0.3.20-GCC-11.3.0/lib]
    arg [-L/share/apps/eb3/software/OpenMPI/4.1.4-GCC-11.3.0/lib] ==> dir [/share/apps/eb3/software/OpenMPI/4.1.4-GCC-11.3.0/lib]
    arg [-L/share/apps/eb3/software/UCC/1.0.0-GCCcore-11.3.0/lib] ==> dir [/share/apps/eb3/software/UCC/1.0.0-GCCcore-11.3.0/lib]
    arg [-L/share/apps/eb3/software/PMIx/4.1.2-GCCcore-11.3.0/lib] ==> dir [/share/apps/eb3/software/PMIx/4.1.2-GCCcore-11.3.0/lib]
    arg [-L/share/apps/eb3/software/libfabric/1.15.1-GCCcore-11.3.0/lib] ==> dir [/share/apps/eb3/software/libfabric/1.15.1-GCCcore-11.3.0/lib]
    arg [-L/share/apps/eb3/software/UCX/1.12.1-GCCcore-11.3.0/lib] ==> dir [/share/apps/eb3/software/UCX/1.12.1-GCCcore-11.3.0/lib]
    arg [-L/share/apps/eb3/software/libevent/2.1.12-GCCcore-11.3.0/lib] ==> dir [/share/apps/eb3/software/libevent/2.1.12-GCCcore-11.3.0/lib]
    arg [-L/share/apps/eb3/software/x86_64/OpenSSL/1.1/lib] ==> dir [/share/apps/eb3/software/x86_64/OpenSSL/1.1/lib]
    arg [-L/share/apps/eb3/software/hwloc/2.7.1-GCCcore-11.3.0/lib] ==> dir [/share/apps/eb3/software/hwloc/2.7.1-GCCcore-11.3.0/lib]
    arg [-L/share/apps/eb3/software/libpciaccess/0.16-GCCcore-11.3.0/lib] ==> dir [/share/apps/eb3/software/libpciaccess/0.16-GCCcore-11.3.0/lib]
    arg [-L/share/apps/eb3/software/libxml2/2.9.13-GCCcore-11.3.0/lib] ==> dir [/share/apps/eb3/software/libxml2/2.9.13-GCCcore-11.3.0/lib]
    arg [-L/share/apps/eb3/software/numactl/2.0.14-GCCcore-11.3.0/lib] ==> dir [/share/apps/eb3/software/numactl/2.0.14-GCCcore-11.3.0/lib]
    arg [-L/share/apps/eb3/software/binutils/2.38-GCCcore-11.3.0/lib] ==> dir [/share/apps/eb3/software/binutils/2.38-GCCcore-11.3.0/lib]
    arg [-L/share/apps/eb3/software/GCCcore/12.2.0/lib/gcc/x86_64-pc-linux-gnu/12.2.0/../../..] ==> dir [/share/apps/eb3/software/GCCcore/12.2.0/lib/gcc/x86_64-pc-linux-gnu/12.2.0/../../..]
    arg [CMakeFiles/cmTC_6b004.dir/CMakeCCompilerABI.c.o] ==> ignore
    arg [-lgcc] ==> lib [gcc]
    arg [--push-state] ==> ignore
    arg [--as-needed] ==> ignore
    arg [-lgcc_s] ==> lib [gcc_s]
    arg [--pop-state] ==> ignore
    arg [-lc] ==> lib [c]
    arg [-lgcc] ==> lib [gcc]
    arg [--push-state] ==> ignore
    arg [--as-needed] ==> ignore
    arg [-lgcc_s] ==> lib [gcc_s]
    arg [--pop-state] ==> ignore
    arg [/share/apps/eb3/software/GCCcore/12.2.0/lib/gcc/x86_64-pc-linux-gnu/12.2.0/crtend.o] ==> obj [/share/apps/eb3/software/GCCcore/12.2.0/lib/gcc/x86_64-pc-linux-gnu/12.2.0/crtend.o]
    arg [/lib/../lib64/crtn.o] ==> obj [/lib/../lib64/crtn.o]
  collapse obj [/lib/../lib64/crt1.o] ==> [/lib64/crt1.o]
  collapse obj [/lib/../lib64/crti.o] ==> [/lib64/crti.o]
  collapse obj [/lib/../lib64/crtn.o] ==> [/lib64/crtn.o]
  collapse library dir [/share/apps/eb3/software/libarchive/3.6.1-GCCcore-12.2.0/lib/../lib64] ==> [/share/apps/eb3/software/libarchive/3.6.1-GCCcore-12.2.0/lib64]
  collapse library dir [/share/apps/eb3/software/XZ/5.2.7-GCCcore-12.2.0/lib/../lib64] ==> [/share/apps/eb3/software/XZ/5.2.7-GCCcore-12.2.0/lib64]
  collapse library dir [/share/apps/eb3/software/cURL/7.86.0-GCCcore-12.2.0/lib/../lib64] ==> [/share/apps/eb3/software/cURL/7.86.0-GCCcore-12.2.0/lib64]
  collapse library dir [/share/apps/eb3/software/bzip2/1.0.8-GCCcore-12.2.0/lib/../lib64] ==> [/share/apps/eb3/software/bzip2/1.0.8-GCCcore-12.2.0/lib64]
  collapse library dir [/share/apps/eb3/software/zlib/1.2.12-GCCcore-12.2.0/lib/../lib64] ==> [/share/apps/eb3/software/zlib/1.2.12-GCCcore-12.2.0/lib64]
  collapse library dir [/share/apps/eb3/software/ncurses/6.3-GCCcore-12.2.0/lib/../lib64] ==> [/share/apps/eb3/software/ncurses/6.3-GCCcore-12.2.0/lib64]
  collapse library dir [/share/apps/eb3/software/HDF5/1.12.2-gompi-2022a/lib/../lib64] ==> [/share/apps/eb3/software/HDF5/1.12.2-gompi-2022a/lib64]
  collapse library dir [/share/apps/eb3/software/Szip/2.1.1-GCCcore-11.3.0/lib/../lib64] ==> [/share/apps/eb3/software/Szip/2.1.1-GCCcore-11.3.0/lib64]
  collapse library dir [/share/apps/eb3/software/ScaLAPACK/2.2.0-gompi-2022a-fb/lib/../lib64] ==> [/share/apps/eb3/software/ScaLAPACK/2.2.0-gompi-2022a-fb/lib64]
  collapse library dir [/share/apps/eb3/software/FFTW.MPI/3.3.10-gompi-2022a/lib/../lib64] ==> [/share/apps/eb3/software/FFTW.MPI/3.3.10-gompi-2022a/lib64]
  collapse library dir [/share/apps/eb3/software/FFTW/3.3.10-GCC-11.3.0/lib/../lib64] ==> [/share/apps/eb3/software/FFTW/3.3.10-GCC-11.3.0/lib64]
  collapse library dir [/share/apps/eb3/software/FlexiBLAS/3.2.0-GCC-11.3.0/lib/../lib64] ==> [/share/apps/eb3/software/FlexiBLAS/3.2.0-GCC-11.3.0/lib64]
  collapse library dir [/share/apps/eb3/software/OpenBLAS/0.3.20-GCC-11.3.0/lib/../lib64] ==> [/share/apps/eb3/software/OpenBLAS/0.3.20-GCC-11.3.0/lib64]
  collapse library dir [/share/apps/eb3/software/OpenMPI/4.1.4-GCC-11.3.0/lib/../lib64] ==> [/share/apps/eb3/software/OpenMPI/4.1.4-GCC-11.3.0/lib64]
  collapse library dir [/share/apps/eb3/software/UCC/1.0.0-GCCcore-11.3.0/lib/../lib64] ==> [/share/apps/eb3/software/UCC/1.0.0-GCCcore-11.3.0/lib64]
  collapse library dir [/share/apps/eb3/software/PMIx/4.1.2-GCCcore-11.3.0/lib/../lib64] ==> [/share/apps/eb3/software/PMIx/4.1.2-GCCcore-11.3.0/lib64]
  collapse library dir [/share/apps/eb3/software/libfabric/1.15.1-GCCcore-11.3.0/lib/../lib64] ==> [/share/apps/eb3/software/libfabric/1.15.1-GCCcore-11.3.0/lib64]
  collapse library dir [/share/apps/eb3/software/UCX/1.12.1-GCCcore-11.3.0/lib/../lib64] ==> [/share/apps/eb3/software/UCX/1.12.1-GCCcore-11.3.0/lib64]
  collapse library dir [/share/apps/eb3/software/libevent/2.1.12-GCCcore-11.3.0/lib/../lib64] ==> [/share/apps/eb3/software/libevent/2.1.12-GCCcore-11.3.0/lib64]
  collapse library dir [/share/apps/eb3/software/x86_64/OpenSSL/1.1/lib/../lib64] ==> [/share/apps/eb3/software/x86_64/OpenSSL/1.1/lib64]
  collapse library dir [/share/apps/eb3/software/hwloc/2.7.1-GCCcore-11.3.0/lib/../lib64] ==> [/share/apps/eb3/software/hwloc/2.7.1-GCCcore-11.3.0/lib64]
  collapse library dir [/share/apps/eb3/software/libpciaccess/0.16-GCCcore-11.3.0/lib/../lib64] ==> [/share/apps/eb3/software/libpciaccess/0.16-GCCcore-11.3.0/lib64]
  collapse library dir [/share/apps/eb3/software/libxml2/2.9.13-GCCcore-11.3.0/lib/../lib64] ==> [/share/apps/eb3/software/libxml2/2.9.13-GCCcore-11.3.0/lib64]
  collapse library dir [/share/apps/eb3/software/numactl/2.0.14-GCCcore-11.3.0/lib/../lib64] ==> [/share/apps/eb3/software/numactl/2.0.14-GCCcore-11.3.0/lib64]
  collapse library dir [/share/apps/eb3/software/binutils/2.38-GCCcore-11.3.0/lib/../lib64] ==> [/share/apps/eb3/software/binutils/2.38-GCCcore-11.3.0/lib64]
  collapse library dir [/share/apps/eb3/software/GCCcore/12.2.0/lib/gcc/x86_64-pc-linux-gnu/12.2.0] ==> [/share/apps/eb3/software/GCCcore/12.2.0/lib/gcc/x86_64-pc-linux-gnu/12.2.0]
  collapse library dir [/share/apps/eb3/software/GCCcore/12.2.0/lib/gcc/x86_64-pc-linux-gnu/12.2.0/../../../../lib64] ==> [/share/apps/eb3/software/GCCcore/12.2.0/lib64]
  collapse library dir [/lib/../lib64] ==> [/lib64]
  collapse library dir [/usr/lib/../lib64] ==> [/usr/lib64]
  collapse library dir [/share/apps/eb3/software/libarchive/3.6.1-GCCcore-12.2.0/lib] ==> [/share/apps/eb3/software/libarchive/3.6.1-GCCcore-12.2.0/lib]
  collapse library dir [/share/apps/eb3/software/XZ/5.2.7-GCCcore-12.2.0/lib] ==> [/share/apps/eb3/software/XZ/5.2.7-GCCcore-12.2.0/lib]
  collapse library dir [/share/apps/eb3/software/cURL/7.86.0-GCCcore-12.2.0/lib] ==> [/share/apps/eb3/software/cURL/7.86.0-GCCcore-12.2.0/lib]
  collapse library dir [/share/apps/eb3/software/bzip2/1.0.8-GCCcore-12.2.0/lib] ==> [/share/apps/eb3/software/bzip2/1.0.8-GCCcore-12.2.0/lib]
  collapse library dir [/share/apps/eb3/software/zlib/1.2.12-GCCcore-12.2.0/lib] ==> [/share/apps/eb3/software/zlib/1.2.12-GCCcore-12.2.0/lib]
  collapse library dir [/share/apps/eb3/software/ncurses/6.3-GCCcore-12.2.0/lib] ==> [/share/apps/eb3/software/ncurses/6.3-GCCcore-12.2.0/lib]
  collapse library dir [/share/apps/eb3/software/HDF5/1.12.2-gompi-2022a/lib] ==> [/share/apps/eb3/software/HDF5/1.12.2-gompi-2022a/lib]
  collapse library dir [/share/apps/eb3/software/Szip/2.1.1-GCCcore-11.3.0/lib] ==> [/share/apps/eb3/software/Szip/2.1.1-GCCcore-11.3.0/lib]
  collapse library dir [/share/apps/eb3/software/ScaLAPACK/2.2.0-gompi-2022a-fb/lib] ==> [/share/apps/eb3/software/ScaLAPACK/2.2.0-gompi-2022a-fb/lib]
  collapse library dir [/share/apps/eb3/software/FFTW.MPI/3.3.10-gompi-2022a/lib] ==> [/share/apps/eb3/software/FFTW.MPI/3.3.10-gompi-2022a/lib]
  collapse library dir [/share/apps/eb3/software/FFTW/3.3.10-GCC-11.3.0/lib] ==> [/share/apps/eb3/software/FFTW/3.3.10-GCC-11.3.0/lib]
  collapse library dir [/share/apps/eb3/software/FlexiBLAS/3.2.0-GCC-11.3.0/lib] ==> [/share/apps/eb3/software/FlexiBLAS/3.2.0-GCC-11.3.0/lib]
  collapse library dir [/share/apps/eb3/software/OpenBLAS/0.3.20-GCC-11.3.0/lib] ==> [/share/apps/eb3/software/OpenBLAS/0.3.20-GCC-11.3.0/lib]
  collapse library dir [/share/apps/eb3/software/OpenMPI/4.1.4-GCC-11.3.0/lib] ==> [/share/apps/eb3/software/OpenMPI/4.1.4-GCC-11.3.0/lib]
  collapse library dir [/share/apps/eb3/software/UCC/1.0.0-GCCcore-11.3.0/lib] ==> [/share/apps/eb3/software/UCC/1.0.0-GCCcore-11.3.0/lib]
  collapse library dir [/share/apps/eb3/software/PMIx/4.1.2-GCCcore-11.3.0/lib] ==> [/share/apps/eb3/software/PMIx/4.1.2-GCCcore-11.3.0/lib]
  collapse library dir [/share/apps/eb3/software/libfabric/1.15.1-GCCcore-11.3.0/lib] ==> [/share/apps/eb3/software/libfabric/1.15.1-GCCcore-11.3.0/lib]
  collapse library dir [/share/apps/eb3/software/UCX/1.12.1-GCCcore-11.3.0/lib] ==> [/share/apps/eb3/software/UCX/1.12.1-GCCcore-11.3.0/lib]
  collapse library dir [/share/apps/eb3/software/libevent/2.1.12-GCCcore-11.3.0/lib] ==> [/share/apps/eb3/software/libevent/2.1.12-GCCcore-11.3.0/lib]
  collapse library dir [/share/apps/eb3/software/x86_64/OpenSSL/1.1/lib] ==> [/share/apps/eb3/software/x86_64/OpenSSL/1.1/lib]
  collapse library dir [/share/apps/eb3/software/hwloc/2.7.1-GCCcore-11.3.0/lib] ==> [/share/apps/eb3/software/hwloc/2.7.1-GCCcore-11.3.0/lib]
  collapse library dir [/share/apps/eb3/software/libpciaccess/0.16-GCCcore-11.3.0/lib] ==> [/share/apps/eb3/software/libpciaccess/0.16-GCCcore-11.3.0/lib]
  collapse library dir [/share/apps/eb3/software/libxml2/2.9.13-GCCcore-11.3.0/lib] ==> [/share/apps/eb3/software/libxml2/2.9.13-GCCcore-11.3.0/lib]
  collapse library dir [/share/apps/eb3/software/numactl/2.0.14-GCCcore-11.3.0/lib] ==> [/share/apps/eb3/software/numactl/2.0.14-GCCcore-11.3.0/lib]
  collapse library dir [/share/apps/eb3/software/binutils/2.38-GCCcore-11.3.0/lib] ==> [/share/apps/eb3/software/binutils/2.38-GCCcore-11.3.0/lib]
  collapse library dir [/share/apps/eb3/software/GCCcore/12.2.0/lib/gcc/x86_64-pc-linux-gnu/12.2.0/../../..] ==> [/share/apps/eb3/software/GCCcore/12.2.0/lib]
  implicit libs: [gcc;gcc_s;c;gcc;gcc_s]
  implicit objs: [/lib64/crt1.o;/lib64/crti.o;/share/apps/eb3/software/GCCcore/12.2.0/lib/gcc/x86_64-pc-linux-gnu/12.2.0/crtbegin.o;/share/apps/eb3/software/GCCcore/12.2.0/lib/gcc/x86_64-pc-linux-gnu/12.2.0/crtend.o;/lib64/crtn.o]
  implicit dirs: [/share/apps/eb3/software/libarchive/3.6.1-GCCcore-12.2.0/lib64;/share/apps/eb3/software/XZ/5.2.7-GCCcore-12.2.0/lib64;/share/apps/eb3/software/cURL/7.86.0-GCCcore-12.2.0/lib64;/share/apps/eb3/software/bzip2/1.0.8-GCCcore-12.2.0/lib64;/share/apps/eb3/software/zlib/1.2.12-GCCcore-12.2.0/lib64;/share/apps/eb3/software/ncurses/6.3-GCCcore-12.2.0/lib64;/share/apps/eb3/software/HDF5/1.12.2-gompi-2022a/lib64;/share/apps/eb3/software/Szip/2.1.1-GCCcore-11.3.0/lib64;/share/apps/eb3/software/ScaLAPACK/2.2.0-gompi-2022a-fb/lib64;/share/apps/eb3/software/FFTW.MPI/3.3.10-gompi-2022a/lib64;/share/apps/eb3/software/FFTW/3.3.10-GCC-11.3.0/lib64;/share/apps/eb3/software/FlexiBLAS/3.2.0-GCC-11.3.0/lib64;/share/apps/eb3/software/OpenBLAS/0.3.20-GCC-11.3.0/lib64;/share/apps/eb3/software/OpenMPI/4.1.4-GCC-11.3.0/lib64;/share/apps/eb3/software/UCC/1.0.0-GCCcore-11.3.0/lib64;/share/apps/eb3/software/PMIx/4.1.2-GCCcore-11.3.0/lib64;/share/apps/eb3/software/libfabric/1.15.1-GCCcore-11.3.0/lib64;/share/apps/eb3/software/UCX/1.12.1-GCCcore-11.3.0/lib64;/share/apps/eb3/software/libevent/2.1.12-GCCcore-11.3.0/lib64;/share/apps/eb3/software/x86_64/OpenSSL/1.1/lib64;/share/apps/eb3/software/hwloc/2.7.1-GCCcore-11.3.0/lib64;/share/apps/eb3/software/libpciaccess/0.16-GCCcore-11.3.0/lib64;/share/apps/eb3/software/libxml2/2.9.13-GCCcore-11.3.0/lib64;/share/apps/eb3/software/numactl/2.0.14-GCCcore-11.3.0/lib64;/share/apps/eb3/software/binutils/2.38-GCCcore-11.3.0/lib64;/share/apps/eb3/software/GCCcore/12.2.0/lib/gcc/x86_64-pc-linux-gnu/12.2.0;/share/apps/eb3/software/GCCcore/12.2.0/lib64;/lib64;/usr/lib64;/share/apps/eb3/software/libarchive/3.6.1-GCCcore-12.2.0/lib;/share/apps/eb3/software/XZ/5.2.7-GCCcore-12.2.0/lib;/share/apps/eb3/software/cURL/7.86.0-GCCcore-12.2.0/lib;/share/apps/eb3/software/bzip2/1.0.8-GCCcore-12.2.0/lib;/share/apps/eb3/software/zlib/1.2.12-GCCcore-12.2.0/lib;/share/apps/eb3/software/ncurses/6.3-GCCcore-12.2.0/lib;/share/apps/eb3/software/HDF5/1.12.2-gompi-2022a/lib;/share/apps/eb3/software/Szip/2.1.1-GCCcore-11.3.0/lib;/share/apps/eb3/software/ScaLAPACK/2.2.0-gompi-2022a-fb/lib;/share/apps/eb3/software/FFTW.MPI/3.3.10-gompi-2022a/lib;/share/apps/eb3/software/FFTW/3.3.10-GCC-11.3.0/lib;/share/apps/eb3/software/FlexiBLAS/3.2.0-GCC-11.3.0/lib;/share/apps/eb3/software/OpenBLAS/0.3.20-GCC-11.3.0/lib;/share/apps/eb3/software/OpenMPI/4.1.4-GCC-11.3.0/lib;/share/apps/eb3/software/UCC/1.0.0-GCCcore-11.3.0/lib;/share/apps/eb3/software/PMIx/4.1.2-GCCcore-11.3.0/lib;/share/apps/eb3/software/libfabric/1.15.1-GCCcore-11.3.0/lib;/share/apps/eb3/software/UCX/1.12.1-GCCcore-11.3.0/lib;/share/apps/eb3/software/libevent/2.1.12-GCCcore-11.3.0/lib;/share/apps/eb3/software/x86_64/OpenSSL/1.1/lib;/share/apps/eb3/software/hwloc/2.7.1-GCCcore-11.3.0/lib;/share/apps/eb3/software/libpciaccess/0.16-GCCcore-11.3.0/lib;/share/apps/eb3/software/libxml2/2.9.13-GCCcore-11.3.0/lib;/share/apps/eb3/software/numactl/2.0.14-GCCcore-11.3.0/lib;/share/apps/eb3/software/binutils/2.38-GCCcore-11.3.0/lib;/share/apps/eb3/software/GCCcore/12.2.0/lib]
  implicit fwks: []


Detecting CXX compiler ABI info compiled with the following output:
Change Dir: /home/stuhecana/exciton_2b/cbuild/CMakeFiles/CMakeTmp

Run Build Command(s):/usr/bin/gmake -f Makefile cmTC_aea06/fast && /usr/bin/gmake  -f CMakeFiles/cmTC_aea06.dir/build.make CMakeFiles/cmTC_aea06.dir/build
gmake[1]: Entering directory '/home/stuhecana/exciton_2b/cbuild/CMakeFiles/CMakeTmp'
Building CXX object CMakeFiles/cmTC_aea06.dir/CMakeCXXCompilerABI.cpp.o
/share/apps/eb3/software/GCCcore/12.2.0/bin/c++   -std=c++11 -O3 -lfftw3_omp -lfftw3 -lm    -v -o CMakeFiles/cmTC_aea06.dir/CMakeCXXCompilerABI.cpp.o -c /share/apps/eb3/software/CMake/3.24.3-GCCcore-12.2.0/share/cmake-3.24/Modules/CMakeCXXCompilerABI.cpp
Using built-in specs.
COLLECT_GCC=/share/apps/eb3/software/GCCcore/12.2.0/bin/c++
OFFLOAD_TARGET_NAMES=nvptx-none
Target: x86_64-pc-linux-gnu
Configured with: ../configure --enable-languages=c,c++,fortran --without-cuda-driver --enable-offload-targets=nvptx-none --enable-lto --enable-checking=release --disable-multilib --enable-shared=yes --enable-static=yes --enable-threads=posix --enable-plugins --enable-gold --enable-ld=default --prefix=/share/apps/eb3/software/GCCcore/12.2.0 --with-local-prefix=/share/apps/eb3/software/GCCcore/12.2.0 --enable-bootstrap --with-isl=/project/builduser/easybuild/build/GCCcore/12.2.0/system-system/gcc-12.2.0/stage2_stuff --build=x86_64-pc-linux-gnu --host=x86_64-pc-linux-gnu
Thread model: posix
Supported LTO compression algorithms: zlib
gcc version 12.2.0 (GCC) 
COLLECT_GCC_OPTIONS='-std=c++11' '-O3' '-v' '-o' 'CMakeFiles/cmTC_aea06.dir/CMakeCXXCompilerABI.cpp.o' '-c' '-shared-libgcc' '-mtune=generic' '-march=x86-64' '-dumpdir' 'CMakeFiles/cmTC_aea06.dir/'
 /share/apps/eb3/software/GCCcore/12.2.0/libexec/gcc/x86_64-pc-linux-gnu/12.2.0/cc1plus -quiet -v -D_GNU_SOURCE /share/apps/eb3/software/CMake/3.24.3-GCCcore-12.2.0/share/cmake-3.24/Modules/CMakeCXXCompilerABI.cpp -quiet -dumpdir CMakeFiles/cmTC_aea06.dir/ -dumpbase CMakeCXXCompilerABI.cpp.cpp -dumpbase-ext .cpp -mtune=generic -march=x86-64 -O3 -std=c++11 -version -o /tmp/ccFjj0v9.s
GNU C++11 (GCC) version 12.2.0 (x86_64-pc-linux-gnu)
	compiled by GNU C version 12.2.0, GMP version 6.2.1, MPFR version 4.1.0, MPC version 1.2.1, isl version isl-0.24-GMP

GGC heuristics: --param ggc-min-expand=100 --param ggc-min-heapsize=131072
ignoring nonexistent directory "/share/apps/eb3/software/GCCcore/12.2.0/lib/gcc/x86_64-pc-linux-gnu/12.2.0/include-fixed"
ignoring nonexistent directory "/share/apps/eb3/software/GCCcore/12.2.0/lib/gcc/x86_64-pc-linux-gnu/12.2.0/../../../../x86_64-pc-linux-gnu/include"
ignoring duplicate directory "/share/apps/eb3/software/Eigen/3.4.0-GCCcore-12.2.0/include"
  as it is a non-system directory that duplicates a system directory
#include "..." search starts here:
#include <...> search starts here:
 /share/apps/eb3/software/libarchive/3.6.1-GCCcore-12.2.0/include
 /share/apps/eb3/software/XZ/5.2.7-GCCcore-12.2.0/include
 /share/apps/eb3/software/cURL/7.86.0-GCCcore-12.2.0/include
 /share/apps/eb3/software/bzip2/1.0.8-GCCcore-12.2.0/include
 /share/apps/eb3/software/zlib/1.2.12-GCCcore-12.2.0/include
 /share/apps/eb3/software/ncurses/6.3-GCCcore-12.2.0/include
 /share/apps/eb3/software/HDF5/1.12.2-gompi-2022a/include
 /share/apps/eb3/software/Szip/2.1.1-GCCcore-11.3.0/include
 /share/apps/eb3/software/FFTW.MPI/3.3.10-gompi-2022a/include
 /share/apps/eb3/software/FFTW/3.3.10-GCC-11.3.0/include
 /share/apps/eb3/software/FlexiBLAS/3.2.0-GCC-11.3.0/include
 /share/apps/eb3/software/OpenBLAS/0.3.20-GCC-11.3.0/include
 /share/apps/eb3/software/OpenMPI/4.1.4-GCC-11.3.0/include
 /share/apps/eb3/software/UCC/1.0.0-GCCcore-11.3.0/include
 /share/apps/eb3/software/PMIx/4.1.2-GCCcore-11.3.0/include
 /share/apps/eb3/software/libfabric/1.15.1-GCCcore-11.3.0/include
 /share/apps/eb3/software/UCX/1.12.1-GCCcore-11.3.0/include
 /share/apps/eb3/software/libevent/2.1.12-GCCcore-11.3.0/include
 /share/apps/eb3/software/x86_64/OpenSSL/1.1/include
 /share/apps/eb3/software/hwloc/2.7.1-GCCcore-11.3.0/include
 /share/apps/eb3/software/libpciaccess/0.16-GCCcore-11.3.0/include
 /share/apps/eb3/software/libxml2/2.9.13-GCCcore-11.3.0/include/libxml2
 /share/apps/eb3/software/libxml2/2.9.13-GCCcore-11.3.0/include
 /share/apps/eb3/software/numactl/2.0.14-GCCcore-11.3.0/include
 /share/apps/eb3/software/binutils/2.38-GCCcore-11.3.0/include
 /share/apps/eb3/software/Eigen/3.4.0-GCCcore-12.2.0/include
 /share/apps/eb3/software/GCCcore/12.2.0/lib/gcc/x86_64-pc-linux-gnu/12.2.0/../../../../include/c++/12.2.0
 /share/apps/eb3/software/GCCcore/12.2.0/lib/gcc/x86_64-pc-linux-gnu/12.2.0/../../../../include/c++/12.2.0/x86_64-pc-linux-gnu
 /share/apps/eb3/software/GCCcore/12.2.0/lib/gcc/x86_64-pc-linux-gnu/12.2.0/../../../../include/c++/12.2.0/backward
 /share/apps/eb3/software/GCCcore/12.2.0/lib/gcc/x86_64-pc-linux-gnu/12.2.0/include
 /share/apps/eb3/software/GCCcore/12.2.0/include
 /usr/include
End of search list.
GNU C++11 (GCC) version 12.2.0 (x86_64-pc-linux-gnu)
	compiled by GNU C version 12.2.0, GMP version 6.2.1, MPFR version 4.1.0, MPC version 1.2.1, isl version isl-0.24-GMP

GGC heuristics: --param ggc-min-expand=100 --param ggc-min-heapsize=131072
Compiler executable checksum: 59ef7c4f9dd46e2f1cebd39eb26fd1d1
COLLECT_GCC_OPTIONS='-std=c++11' '-O3' '-v' '-o' 'CMakeFiles/cmTC_aea06.dir/CMakeCXXCompilerABI.cpp.o' '-c' '-shared-libgcc' '-mtune=generic' '-march=x86-64' '-dumpdir' 'CMakeFiles/cmTC_aea06.dir/'
 as -v --64 -o CMakeFiles/cmTC_aea06.dir/CMakeCXXCompilerABI.cpp.o /tmp/ccFjj0v9.s
GNU assembler version 2.38 (x86_64-pc-linux-gnu) using BFD version (GNU Binutils) 2.38
COMPILER_PATH=/share/apps/eb3/software/GCCcore/12.2.0/libexec/gcc/x86_64-pc-linux-gnu/12.2.0/:/share/apps/eb3/software/GCCcore/12.2.0/libexec/gcc/x86_64-pc-linux-gnu/12.2.0/:/share/apps/eb3/software/GCCcore/12.2.0/libexec/gcc/x86_64-pc-linux-gnu/:/share/apps/eb3/software/GCCcore/12.2.0/lib/gcc/x86_64-pc-linux-gnu/12.2.0/:/share/apps/eb3/software/GCCcore/12.2.0/lib/gcc/x86_64-pc-linux-gnu/
LIBRARY_PATH=/share/apps/eb3/software/libarchive/3.6.1-GCCcore-12.2.0/lib/../lib64/:/share/apps/eb3/software/XZ/5.2.7-GCCcore-12.2.0/lib/../lib64/:/share/apps/eb3/software/cURL/7.86.0-GCCcore-12.2.0/lib/../lib64/:/share/apps/eb3/software/bzip2/1.0.8-GCCcore-12.2.0/lib/../lib64/:/share/apps/eb3/software/zlib/1.2.12-GCCcore-12.2.0/lib/../lib64/:/share/apps/eb3/software/ncurses/6.3-GCCcore-12.2.0/lib/../lib64/:/share/apps/eb3/software/HDF5/1.12.2-gompi-2022a/lib/../lib64/:/share/apps/eb3/software/Szip/2.1.1-GCCcore-11.3.0/lib/../lib64/:/share/apps/eb3/software/ScaLAPACK/2.2.0-gompi-2022a-fb/lib/../lib64/:/share/apps/eb3/software/FFTW.MPI/3.3.10-gompi-2022a/lib/../lib64/:/share/apps/eb3/software/FFTW/3.3.10-GCC-11.3.0/lib/../lib64/:/share/apps/eb3/software/FlexiBLAS/3.2.0-GCC-11.3.0/lib/../lib64/:/share/apps/eb3/software/OpenBLAS/0.3.20-GCC-11.3.0/lib/../lib64/:/share/apps/eb3/software/OpenMPI/4.1.4-GCC-11.3.0/lib/../lib64/:/share/apps/eb3/software/UCC/1.0.0-GCCcore-11.3.0/lib/../lib64/:/share/apps/eb3/software/PMIx/4.1.2-GCCcore-11.3.0/lib/../lib64/:/share/apps/eb3/software/libfabric/1.15.1-GCCcore-11.3.0/lib/../lib64/:/share/apps/eb3/software/UCX/1.12.1-GCCcore-11.3.0/lib/../lib64/:/share/apps/eb3/software/libevent/2.1.12-GCCcore-11.3.0/lib/../lib64/:/share/apps/eb3/software/x86_64/OpenSSL/1.1/lib/../lib64/:/share/apps/eb3/software/hwloc/2.7.1-GCCcore-11.3.0/lib/../lib64/:/share/apps/eb3/software/libpciaccess/0.16-GCCcore-11.3.0/lib/../lib64/:/share/apps/eb3/software/libxml2/2.9.13-GCCcore-11.3.0/lib/../lib64/:/share/apps/eb3/software/numactl/2.0.14-GCCcore-11.3.0/lib/../lib64/:/share/apps/eb3/software/binutils/2.38-GCCcore-11.3.0/lib/../lib64/:/share/apps/eb3/software/GCCcore/12.2.0/lib/gcc/x86_64-pc-linux-gnu/12.2.0/:/share/apps/eb3/software/GCCcore/12.2.0/lib/gcc/x86_64-pc-linux-gnu/12.2.0/../../../../lib64/:/lib/../lib64/:/usr/lib/../lib64/:/share/apps/eb3/software/libarchive/3.6.1-GCCcore-12.2.0/lib/:/share/apps/eb3/software/XZ/5.2.7-GCCcore-12.2.0/lib/:/share/apps/eb3/software/cURL/7.86.0-GCCcore-12.2.0/lib/:/share/apps/eb3/software/bzip2/1.0.8-GCCcore-12.2.0/lib/:/share/apps/eb3/software/zlib/1.2.12-GCCcore-12.2.0/lib/:/share/apps/eb3/software/ncurses/6.3-GCCcore-12.2.0/lib/:/share/apps/eb3/software/HDF5/1.12.2-gompi-2022a/lib/:/share/apps/eb3/software/Szip/2.1.1-GCCcore-11.3.0/lib/:/share/apps/eb3/software/ScaLAPACK/2.2.0-gompi-2022a-fb/lib/:/share/apps/eb3/software/FFTW.MPI/3.3.10-gompi-2022a/lib/:/share/apps/eb3/software/FFTW/3.3.10-GCC-11.3.0/lib/:/share/apps/eb3/software/FlexiBLAS/3.2.0-GCC-11.3.0/lib/:/share/apps/eb3/software/OpenBLAS/0.3.20-GCC-11.3.0/lib/:/share/apps/eb3/software/OpenMPI/4.1.4-GCC-11.3.0/lib/:/share/apps/eb3/software/UCC/1.0.0-GCCcore-11.3.0/lib/:/share/apps/eb3/software/PMIx/4.1.2-GCCcore-11.3.0/lib/:/share/apps/eb3/software/libfabric/1.15.1-GCCcore-11.3.0/lib/:/share/apps/eb3/software/UCX/1.12.1-GCCcore-11.3.0/lib/:/share/apps/eb3/software/libevent/2.1.12-GCCcore-11.3.0/lib/:/share/apps/eb3/software/x86_64/OpenSSL/1.1/lib/:/share/apps/eb3/software/hwloc/2.7.1-GCCcore-11.3.0/lib/:/share/apps/eb3/software/libpciaccess/0.16-GCCcore-11.3.0/lib/:/share/apps/eb3/software/libxml2/2.9.13-GCCcore-11.3.0/lib/:/share/apps/eb3/software/numactl/2.0.14-GCCcore-11.3.0/lib/:/share/apps/eb3/software/binutils/2.38-GCCcore-11.3.0/lib/:/share/apps/eb3/software/GCCcore/12.2.0/lib/gcc/x86_64-pc-linux-gnu/12.2.0/../../../:/lib/:/usr/lib/
COLLECT_GCC_OPTIONS='-std=c++11' '-O3' '-v' '-o' 'CMakeFiles/cmTC_aea06.dir/CMakeCXXCompilerABI.cpp.o' '-c' '-shared-libgcc' '-mtune=generic' '-march=x86-64' '-dumpdir' 'CMakeFiles/cmTC_aea06.dir/CMakeCXXCompilerABI.cpp.'
Linking CXX executable cmTC_aea06
/share/apps/eb3/software/CMake/3.24.3-GCCcore-12.2.0/bin/cmake -E cmake_link_script CMakeFiles/cmTC_aea06.dir/link.txt --verbose=1
/share/apps/eb3/software/GCCcore/12.2.0/bin/c++ -std=c++11 -O3 -lfftw3_omp -lfftw3 -lm   -v -rdynamic CMakeFiles/cmTC_aea06.dir/CMakeCXXCompilerABI.cpp.o -o cmTC_aea06 
Using built-in specs.
COLLECT_GCC=/share/apps/eb3/software/GCCcore/12.2.0/bin/c++
COLLECT_LTO_WRAPPER=/share/apps/eb3/software/GCCcore/12.2.0/libexec/gcc/x86_64-pc-linux-gnu/12.2.0/lto-wrapper
OFFLOAD_TARGET_NAMES=nvptx-none
Target: x86_64-pc-linux-gnu
Configured with: ../configure --enable-languages=c,c++,fortran --without-cuda-driver --enable-offload-targets=nvptx-none --enable-lto --enable-checking=release --disable-multilib --enable-shared=yes --enable-static=yes --enable-threads=posix --enable-plugins --enable-gold --enable-ld=default --prefix=/share/apps/eb3/software/GCCcore/12.2.0 --with-local-prefix=/share/apps/eb3/software/GCCcore/12.2.0 --enable-bootstrap --with-isl=/project/builduser/easybuild/build/GCCcore/12.2.0/system-system/gcc-12.2.0/stage2_stuff --build=x86_64-pc-linux-gnu --host=x86_64-pc-linux-gnu
Thread model: posix
Supported LTO compression algorithms: zlib
gcc version 12.2.0 (GCC) 
COMPILER_PATH=/share/apps/eb3/software/GCCcore/12.2.0/libexec/gcc/x86_64-pc-linux-gnu/12.2.0/:/share/apps/eb3/software/GCCcore/12.2.0/libexec/gcc/x86_64-pc-linux-gnu/12.2.0/:/share/apps/eb3/software/GCCcore/12.2.0/libexec/gcc/x86_64-pc-linux-gnu/:/share/apps/eb3/software/GCCcore/12.2.0/lib/gcc/x86_64-pc-linux-gnu/12.2.0/:/share/apps/eb3/software/GCCcore/12.2.0/lib/gcc/x86_64-pc-linux-gnu/
LIBRARY_PATH=/share/apps/eb3/software/libarchive/3.6.1-GCCcore-12.2.0/lib/../lib64/:/share/apps/eb3/software/XZ/5.2.7-GCCcore-12.2.0/lib/../lib64/:/share/apps/eb3/software/cURL/7.86.0-GCCcore-12.2.0/lib/../lib64/:/share/apps/eb3/software/bzip2/1.0.8-GCCcore-12.2.0/lib/../lib64/:/share/apps/eb3/software/zlib/1.2.12-GCCcore-12.2.0/lib/../lib64/:/share/apps/eb3/software/ncurses/6.3-GCCcore-12.2.0/lib/../lib64/:/share/apps/eb3/software/HDF5/1.12.2-gompi-2022a/lib/../lib64/:/share/apps/eb3/software/Szip/2.1.1-GCCcore-11.3.0/lib/../lib64/:/share/apps/eb3/software/ScaLAPACK/2.2.0-gompi-2022a-fb/lib/../lib64/:/share/apps/eb3/software/FFTW.MPI/3.3.10-gompi-2022a/lib/../lib64/:/share/apps/eb3/software/FFTW/3.3.10-GCC-11.3.0/lib/../lib64/:/share/apps/eb3/software/FlexiBLAS/3.2.0-GCC-11.3.0/lib/../lib64/:/share/apps/eb3/software/OpenBLAS/0.3.20-GCC-11.3.0/lib/../lib64/:/share/apps/eb3/software/OpenMPI/4.1.4-GCC-11.3.0/lib/../lib64/:/share/apps/eb3/software/UCC/1.0.0-GCCcore-11.3.0/lib/../lib64/:/share/apps/eb3/software/PMIx/4.1.2-GCCcore-11.3.0/lib/../lib64/:/share/apps/eb3/software/libfabric/1.15.1-GCCcore-11.3.0/lib/../lib64/:/share/apps/eb3/software/UCX/1.12.1-GCCcore-11.3.0/lib/../lib64/:/share/apps/eb3/software/libevent/2.1.12-GCCcore-11.3.0/lib/../lib64/:/share/apps/eb3/software/x86_64/OpenSSL/1.1/lib/../lib64/:/share/apps/eb3/software/hwloc/2.7.1-GCCcore-11.3.0/lib/../lib64/:/share/apps/eb3/software/libpciaccess/0.16-GCCcore-11.3.0/lib/../lib64/:/share/apps/eb3/software/libxml2/2.9.13-GCCcore-11.3.0/lib/../lib64/:/share/apps/eb3/software/numactl/2.0.14-GCCcore-11.3.0/lib/../lib64/:/share/apps/eb3/software/binutils/2.38-GCCcore-11.3.0/lib/../lib64/:/share/apps/eb3/software/GCCcore/12.2.0/lib/gcc/x86_64-pc-linux-gnu/12.2.0/:/share/apps/eb3/software/GCCcore/12.2.0/lib/gcc/x86_64-pc-linux-gnu/12.2.0/../../../../lib64/:/lib/../lib64/:/usr/lib/../lib64/:/share/apps/eb3/software/libarchive/3.6.1-GCCcore-12.2.0/lib/:/share/apps/eb3/software/XZ/5.2.7-GCCcore-12.2.0/lib/:/share/apps/eb3/software/cURL/7.86.0-GCCcore-12.2.0/lib/:/share/apps/eb3/software/bzip2/1.0.8-GCCcore-12.2.0/lib/:/share/apps/eb3/software/zlib/1.2.12-GCCcore-12.2.0/lib/:/share/apps/eb3/software/ncurses/6.3-GCCcore-12.2.0/lib/:/share/apps/eb3/software/HDF5/1.12.2-gompi-2022a/lib/:/share/apps/eb3/software/Szip/2.1.1-GCCcore-11.3.0/lib/:/share/apps/eb3/software/ScaLAPACK/2.2.0-gompi-2022a-fb/lib/:/share/apps/eb3/software/FFTW.MPI/3.3.10-gompi-2022a/lib/:/share/apps/eb3/software/FFTW/3.3.10-GCC-11.3.0/lib/:/share/apps/eb3/software/FlexiBLAS/3.2.0-GCC-11.3.0/lib/:/share/apps/eb3/software/OpenBLAS/0.3.20-GCC-11.3.0/lib/:/share/apps/eb3/software/OpenMPI/4.1.4-GCC-11.3.0/lib/:/share/apps/eb3/software/UCC/1.0.0-GCCcore-11.3.0/lib/:/share/apps/eb3/software/PMIx/4.1.2-GCCcore-11.3.0/lib/:/share/apps/eb3/software/libfabric/1.15.1-GCCcore-11.3.0/lib/:/share/apps/eb3/software/UCX/1.12.1-GCCcore-11.3.0/lib/:/share/apps/eb3/software/libevent/2.1.12-GCCcore-11.3.0/lib/:/share/apps/eb3/software/x86_64/OpenSSL/1.1/lib/:/share/apps/eb3/software/hwloc/2.7.1-GCCcore-11.3.0/lib/:/share/apps/eb3/software/libpciaccess/0.16-GCCcore-11.3.0/lib/:/share/apps/eb3/software/libxml2/2.9.13-GCCcore-11.3.0/lib/:/share/apps/eb3/software/numactl/2.0.14-GCCcore-11.3.0/lib/:/share/apps/eb3/software/binutils/2.38-GCCcore-11.3.0/lib/:/share/apps/eb3/software/GCCcore/12.2.0/lib/gcc/x86_64-pc-linux-gnu/12.2.0/../../../:/lib/:/usr/lib/
COLLECT_GCC_OPTIONS='-std=c++11' '-O3' '-v' '-rdynamic' '-o' 'cmTC_aea06' '-shared-libgcc' '-mtune=generic' '-march=x86-64' '-dumpdir' 'cmTC_aea06.'
 /share/apps/eb3/software/GCCcore/12.2.0/libexec/gcc/x86_64-pc-linux-gnu/12.2.0/collect2 -plugin /share/apps/eb3/software/GCCcore/12.2.0/libexec/gcc/x86_64-pc-linux-gnu/12.2.0/liblto_plugin.so -plugin-opt=/share/apps/eb3/software/GCCcore/12.2.0/libexec/gcc/x86_64-pc-linux-gnu/12.2.0/lto-wrapper -plugin-opt=-fresolution=/tmp/cc0cSmwm.res -plugin-opt=-pass-through=-lgcc_s -plugin-opt=-pass-through=-lgcc -plugin-opt=-pass-through=-lc -plugin-opt=-pass-through=-lgcc_s -plugin-opt=-pass-through=-lgcc --eh-frame-hdr -m elf_x86_64 -export-dynamic -dynamic-linker /lib64/ld-linux-x86-64.so.2 -o cmTC_aea06 /lib/../lib64/crt1.o /lib/../lib64/crti.o /share/apps/eb3/software/GCCcore/12.2.0/lib/gcc/x86_64-pc-linux-gnu/12.2.0/crtbegin.o -L/share/apps/eb3/software/libarchive/3.6.1-GCCcore-12.2.0/lib/../lib64 -L/share/apps/eb3/software/XZ/5.2.7-GCCcore-12.2.0/lib/../lib64 -L/share/apps/eb3/software/cURL/7.86.0-GCCcore-12.2.0/lib/../lib64 -L/share/apps/eb3/software/bzip2/1.0.8-GCCcore-12.2.0/lib/../lib64 -L/share/apps/eb3/software/zlib/1.2.12-GCCcore-12.2.0/lib/../lib64 -L/share/apps/eb3/software/ncurses/6.3-GCCcore-12.2.0/lib/../lib64 -L/share/apps/eb3/software/HDF5/1.12.2-gompi-2022a/lib/../lib64 -L/share/apps/eb3/software/Szip/2.1.1-GCCcore-11.3.0/lib/../lib64 -L/share/apps/eb3/software/ScaLAPACK/2.2.0-gompi-2022a-fb/lib/../lib64 -L/share/apps/eb3/software/FFTW.MPI/3.3.10-gompi-2022a/lib/../lib64 -L/share/apps/eb3/software/FFTW/3.3.10-GCC-11.3.0/lib/../lib64 -L/share/apps/eb3/software/FlexiBLAS/3.2.0-GCC-11.3.0/lib/../lib64 -L/share/apps/eb3/software/OpenBLAS/0.3.20-GCC-11.3.0/lib/../lib64 -L/share/apps/eb3/software/OpenMPI/4.1.4-GCC-11.3.0/lib/../lib64 -L/share/apps/eb3/software/UCC/1.0.0-GCCcore-11.3.0/lib/../lib64 -L/share/apps/eb3/software/PMIx/4.1.2-GCCcore-11.3.0/lib/../lib64 -L/share/apps/eb3/software/libfabric/1.15.1-GCCcore-11.3.0/lib/../lib64 -L/share/apps/eb3/software/UCX/1.12.1-GCCcore-11.3.0/lib/../lib64 -L/share/apps/eb3/software/libevent/2.1.12-GCCcore-11.3.0/lib/../lib64 -L/share/apps/eb3/software/x86_64/OpenSSL/1.1/lib/../lib64 -L/share/apps/eb3/software/hwloc/2.7.1-GCCcore-11.3.0/lib/../lib64 -L/share/apps/eb3/software/libpciaccess/0.16-GCCcore-11.3.0/lib/../lib64 -L/share/apps/eb3/software/libxml2/2.9.13-GCCcore-11.3.0/lib/../lib64 -L/share/apps/eb3/software/numactl/2.0.14-GCCcore-11.3.0/lib/../lib64 -L/share/apps/eb3/software/binutils/2.38-GCCcore-11.3.0/lib/../lib64 -L/share/apps/eb3/software/GCCcore/12.2.0/lib/gcc/x86_64-pc-linux-gnu/12.2.0 -L/share/apps/eb3/software/GCCcore/12.2.0/lib/gcc/x86_64-pc-linux-gnu/12.2.0/../../../../lib64 -L/lib/../lib64 -L/usr/lib/../lib64 -L/share/apps/eb3/software/libarchive/3.6.1-GCCcore-12.2.0/lib -L/share/apps/eb3/software/XZ/5.2.7-GCCcore-12.2.0/lib -L/share/apps/eb3/software/cURL/7.86.0-GCCcore-12.2.0/lib -L/share/apps/eb3/software/bzip2/1.0.8-GCCcore-12.2.0/lib -L/share/apps/eb3/software/zlib/1.2.12-GCCcore-12.2.0/lib -L/share/apps/eb3/software/ncurses/6.3-GCCcore-12.2.0/lib -L/share/apps/eb3/software/HDF5/1.12.2-gompi-2022a/lib -L/share/apps/eb3/software/Szip/2.1.1-GCCcore-11.3.0/lib -L/share/apps/eb3/software/ScaLAPACK/2.2.0-gompi-2022a-fb/lib -L/share/apps/eb3/software/FFTW.MPI/3.3.10-gompi-2022a/lib -L/share/apps/eb3/software/FFTW/3.3.10-GCC-11.3.0/lib -L/share/apps/eb3/software/FlexiBLAS/3.2.0-GCC-11.3.0/lib -L/share/apps/eb3/software/OpenBLAS/0.3.20-GCC-11.3.0/lib -L/share/apps/eb3/software/OpenMPI/4.1.4-GCC-11.3.0/lib -L/share/apps/eb3/software/UCC/1.0.0-GCCcore-11.3.0/lib -L/share/apps/eb3/software/PMIx/4.1.2-GCCcore-11.3.0/lib -L/share/apps/eb3/software/libfabric/1.15.1-GCCcore-11.3.0/lib -L/share/apps/eb3/software/UCX/1.12.1-GCCcore-11.3.0/lib -L/share/apps/eb3/software/libevent/2.1.12-GCCcore-11.3.0/lib -L/share/apps/eb3/software/x86_64/OpenSSL/1.1/lib -L/share/apps/eb3/software/hwloc/2.7.1-GCCcore-11.3.0/lib -L/share/apps/eb3/software/libpciaccess/0.16-GCCcore-11.3.0/lib -L/share/apps/eb3/software/libxml2/2.9.13-GCCcore-11.3.0/lib -L/share/apps/eb3/software/numactl/2.0.14-GCCcore-11.3.0/lib -L/share/apps/eb3/software/binutils/2.38-GCCcore-11.3.0/lib -L/share/apps/eb3/software/GCCcore/12.2.0/lib/gcc/x86_64-pc-linux-gnu/12.2.0/../../.. -lfftw3_omp -lfftw3 CMakeFiles/cmTC_aea06.dir/CMakeCXXCompilerABI.cpp.o -lstdc++ -lm -lgcc_s -lgcc -lc -lgcc_s -lgcc /share/apps/eb3/software/GCCcore/12.2.0/lib/gcc/x86_64-pc-linux-gnu/12.2.0/crtend.o /lib/../lib64/crtn.o
COLLECT_GCC_OPTIONS='-std=c++11' '-O3' '-v' '-rdynamic' '-o' 'cmTC_aea06' '-shared-libgcc' '-mtune=generic' '-march=x86-64' '-dumpdir' 'cmTC_aea06.'
gmake[1]: Leaving directory '/home/stuhecana/exciton_2b/cbuild/CMakeFiles/CMakeTmp'



Parsed CXX implicit include dir info from above output: rv=done
  found start of include info
  found start of implicit include info
    add: [/share/apps/eb3/software/libarchive/3.6.1-GCCcore-12.2.0/include]
    add: [/share/apps/eb3/software/XZ/5.2.7-GCCcore-12.2.0/include]
    add: [/share/apps/eb3/software/cURL/7.86.0-GCCcore-12.2.0/include]
    add: [/share/apps/eb3/software/bzip2/1.0.8-GCCcore-12.2.0/include]
    add: [/share/apps/eb3/software/zlib/1.2.12-GCCcore-12.2.0/include]
    add: [/share/apps/eb3/software/ncurses/6.3-GCCcore-12.2.0/include]
    add: [/share/apps/eb3/software/HDF5/1.12.2-gompi-2022a/include]
    add: [/share/apps/eb3/software/Szip/2.1.1-GCCcore-11.3.0/include]
    add: [/share/apps/eb3/software/FFTW.MPI/3.3.10-gompi-2022a/include]
    add: [/share/apps/eb3/software/FFTW/3.3.10-GCC-11.3.0/include]
    add: [/share/apps/eb3/software/FlexiBLAS/3.2.0-GCC-11.3.0/include]
    add: [/share/apps/eb3/software/OpenBLAS/0.3.20-GCC-11.3.0/include]
    add: [/share/apps/eb3/software/OpenMPI/4.1.4-GCC-11.3.0/include]
    add: [/share/apps/eb3/software/UCC/1.0.0-GCCcore-11.3.0/include]
    add: [/share/apps/eb3/software/PMIx/4.1.2-GCCcore-11.3.0/include]
    add: [/share/apps/eb3/software/libfabric/1.15.1-GCCcore-11.3.0/include]
    add: [/share/apps/eb3/software/UCX/1.12.1-GCCcore-11.3.0/include]
    add: [/share/apps/eb3/software/libevent/2.1.12-GCCcore-11.3.0/include]
    add: [/share/apps/eb3/software/x86_64/OpenSSL/1.1/include]
    add: [/share/apps/eb3/software/hwloc/2.7.1-GCCcore-11.3.0/include]
    add: [/share/apps/eb3/software/libpciaccess/0.16-GCCcore-11.3.0/include]
    add: [/share/apps/eb3/software/libxml2/2.9.13-GCCcore-11.3.0/include/libxml2]
    add: [/share/apps/eb3/software/libxml2/2.9.13-GCCcore-11.3.0/include]
    add: [/share/apps/eb3/software/numactl/2.0.14-GCCcore-11.3.0/include]
    add: [/share/apps/eb3/software/binutils/2.38-GCCcore-11.3.0/include]
    add: [/share/apps/eb3/software/Eigen/3.4.0-GCCcore-12.2.0/include]
    add: [/share/apps/eb3/software/GCCcore/12.2.0/lib/gcc/x86_64-pc-linux-gnu/12.2.0/../../../../include/c++/12.2.0]
    add: [/share/apps/eb3/software/GCCcore/12.2.0/lib/gcc/x86_64-pc-linux-gnu/12.2.0/../../../../include/c++/12.2.0/x86_64-pc-linux-gnu]
    add: [/share/apps/eb3/software/GCCcore/12.2.0/lib/gcc/x86_64-pc-linux-gnu/12.2.0/../../../../include/c++/12.2.0/backward]
    add: [/share/apps/eb3/software/GCCcore/12.2.0/lib/gcc/x86_64-pc-linux-gnu/12.2.0/include]
    add: [/share/apps/eb3/software/GCCcore/12.2.0/include]
    add: [/usr/include]
  end of search list found
  collapse include dir [/share/apps/eb3/software/libarchive/3.6.1-GCCcore-12.2.0/include] ==> [/share/apps/eb3/software/libarchive/3.6.1-GCCcore-12.2.0/include]
  collapse include dir [/share/apps/eb3/software/XZ/5.2.7-GCCcore-12.2.0/include] ==> [/share/apps/eb3/software/XZ/5.2.7-GCCcore-12.2.0/include]
  collapse include dir [/share/apps/eb3/software/cURL/7.86.0-GCCcore-12.2.0/include] ==> [/share/apps/eb3/software/cURL/7.86.0-GCCcore-12.2.0/include]
  collapse include dir [/share/apps/eb3/software/bzip2/1.0.8-GCCcore-12.2.0/include] ==> [/share/apps/eb3/software/bzip2/1.0.8-GCCcore-12.2.0/include]
  collapse include dir [/share/apps/eb3/software/zlib/1.2.12-GCCcore-12.2.0/include] ==> [/share/apps/eb3/software/zlib/1.2.12-GCCcore-12.2.0/include]
  collapse include dir [/share/apps/eb3/software/ncurses/6.3-GCCcore-12.2.0/include] ==> [/share/apps/eb3/software/ncurses/6.3-GCCcore-12.2.0/include]
  collapse include dir [/share/apps/eb3/software/HDF5/1.12.2-gompi-2022a/include] ==> [/share/apps/eb3/software/HDF5/1.12.2-gompi-2022a/include]
  collapse include dir [/share/apps/eb3/software/Szip/2.1.1-GCCcore-11.3.0/include] ==> [/share/apps/eb3/software/Szip/2.1.1-GCCcore-11.3.0/include]
  collapse include dir [/share/apps/eb3/software/FFTW.MPI/3.3.10-gompi-2022a/include] ==> [/share/apps/eb3/software/FFTW.MPI/3.3.10-gompi-2022a/include]
  collapse include dir [/share/apps/eb3/software/FFTW/3.3.10-GCC-11.3.0/include] ==> [/share/apps/eb3/software/FFTW/3.3.10-GCC-11.3.0/include]
  collapse include dir [/share/apps/eb3/software/FlexiBLAS/3.2.0-GCC-11.3.0/include] ==> [/share/apps/eb3/software/FlexiBLAS/3.2.0-GCC-11.3.0/include]
  collapse include dir [/share/apps/eb3/software/OpenBLAS/0.3.20-GCC-11.3.0/include] ==> [/share/apps/eb3/software/OpenBLAS/0.3.20-GCC-11.3.0/include]
  collapse include dir [/share/apps/eb3/software/OpenMPI/4.1.4-GCC-11.3.0/include] ==> [/share/apps/eb3/software/OpenMPI/4.1.4-GCC-11.3.0/include]
  collapse include dir [/share/apps/eb3/software/UCC/1.0.0-GCCcore-11.3.0/include] ==> [/share/apps/eb3/software/UCC/1.0.0-GCCcore-11.3.0/include]
  collapse include dir [/share/apps/eb3/software/PMIx/4.1.2-GCCcore-11.3.0/include] ==> [/share/apps/eb3/software/PMIx/4.1.2-GCCcore-11.3.0/include]
  collapse include dir [/share/apps/eb3/software/libfabric/1.15.1-GCCcore-11.3.0/include] ==> [/share/apps/eb3/software/libfabric/1.15.1-GCCcore-11.3.0/include]
  collapse include dir [/share/apps/eb3/software/UCX/1.12.1-GCCcore-11.3.0/include] ==> [/share/apps/eb3/software/UCX/1.12.1-GCCcore-11.3.0/include]
  collapse include dir [/share/apps/eb3/software/libevent/2.1.12-GCCcore-11.3.0/include] ==> [/share/apps/eb3/software/libevent/2.1.12-GCCcore-11.3.0/include]
  collapse include dir [/share/apps/eb3/software/x86_64/OpenSSL/1.1/include] ==> [/share/apps/eb3/software/x86_64/OpenSSL/1.1/include]
  collapse include dir [/share/apps/eb3/software/hwloc/2.7.1-GCCcore-11.3.0/include] ==> [/share/apps/eb3/software/hwloc/2.7.1-GCCcore-11.3.0/include]
  collapse include dir [/share/apps/eb3/software/libpciaccess/0.16-GCCcore-11.3.0/include] ==> [/share/apps/eb3/software/libpciaccess/0.16-GCCcore-11.3.0/include]
  collapse include dir [/share/apps/eb3/software/libxml2/2.9.13-GCCcore-11.3.0/include/libxml2] ==> [/share/apps/eb3/software/libxml2/2.9.13-GCCcore-11.3.0/include/libxml2]
  collapse include dir [/share/apps/eb3/software/libxml2/2.9.13-GCCcore-11.3.0/include] ==> [/share/apps/eb3/software/libxml2/2.9.13-GCCcore-11.3.0/include]
  collapse include dir [/share/apps/eb3/software/numactl/2.0.14-GCCcore-11.3.0/include] ==> [/share/apps/eb3/software/numactl/2.0.14-GCCcore-11.3.0/include]
  collapse include dir [/share/apps/eb3/software/binutils/2.38-GCCcore-11.3.0/include] ==> [/share/apps/eb3/software/binutils/2.38-GCCcore-11.3.0/include]
  collapse include dir [/share/apps/eb3/software/Eigen/3.4.0-GCCcore-12.2.0/include] ==> [/share/apps/eb3/software/Eigen/3.4.0-GCCcore-12.2.0/include]
  collapse include dir [/share/apps/eb3/software/GCCcore/12.2.0/lib/gcc/x86_64-pc-linux-gnu/12.2.0/../../../../include/c++/12.2.0] ==> [/share/apps/eb3/software/GCCcore/12.2.0/include/c++/12.2.0]
  collapse include dir [/share/apps/eb3/software/GCCcore/12.2.0/lib/gcc/x86_64-pc-linux-gnu/12.2.0/../../../../include/c++/12.2.0/x86_64-pc-linux-gnu] ==> [/share/apps/eb3/software/GCCcore/12.2.0/include/c++/12.2.0/x86_64-pc-linux-gnu]
  collapse include dir [/share/apps/eb3/software/GCCcore/12.2.0/lib/gcc/x86_64-pc-linux-gnu/12.2.0/../../../../include/c++/12.2.0/backward] ==> [/share/apps/eb3/software/GCCcore/12.2.0/include/c++/12.2.0/backward]
  collapse include dir [/share/apps/eb3/software/GCCcore/12.2.0/lib/gcc/x86_64-pc-linux-gnu/12.2.0/include] ==> [/share/apps/eb3/software/GCCcore/12.2.0/lib/gcc/x86_64-pc-linux-gnu/12.2.0/include]
  collapse include dir [/share/apps/eb3/software/GCCcore/12.2.0/include] ==> [/share/apps/eb3/software/GCCcore/12.2.0/include]
  collapse include dir [/usr/include] ==> [/usr/include]
  implicit include dirs: [/share/apps/eb3/software/libarchive/3.6.1-GCCcore-12.2.0/include;/share/apps/eb3/software/XZ/5.2.7-GCCcore-12.2.0/include;/share/apps/eb3/software/cURL/7.86.0-GCCcore-12.2.0/include;/share/apps/eb3/software/bzip2/1.0.8-GCCcore-12.2.0/include;/share/apps/eb3/software/zlib/1.2.12-GCCcore-12.2.0/include;/share/apps/eb3/software/ncurses/6.3-GCCcore-12.2.0/include;/share/apps/eb3/software/HDF5/1.12.2-gompi-2022a/include;/share/apps/eb3/software/Szip/2.1.1-GCCcore-11.3.0/include;/share/apps/eb3/software/FFTW.MPI/3.3.10-gompi-2022a/include;/share/apps/eb3/software/FFTW/3.3.10-GCC-11.3.0/include;/share/apps/eb3/software/FlexiBLAS/3.2.0-GCC-11.3.0/include;/share/apps/eb3/software/OpenBLAS/0.3.20-GCC-11.3.0/include;/share/apps/eb3/software/OpenMPI/4.1.4-GCC-11.3.0/include;/share/apps/eb3/software/UCC/1.0.0-GCCcore-11.3.0/include;/share/apps/eb3/software/PMIx/4.1.2-GCCcore-11.3.0/include;/share/apps/eb3/software/libfabric/1.15.1-GCCcore-11.3.0/include;/share/apps/eb3/software/UCX/1.12.1-GCCcore-11.3.0/include;/share/apps/eb3/software/libevent/2.1.12-GCCcore-11.3.0/include;/share/apps/eb3/software/x86_64/OpenSSL/1.1/include;/share/apps/eb3/software/hwloc/2.7.1-GCCcore-11.3.0/include;/share/apps/eb3/software/libpciaccess/0.16-GCCcore-11.3.0/include;/share/apps/eb3/software/libxml2/2.9.13-GCCcore-11.3.0/include/libxml2;/share/apps/eb3/software/libxml2/2.9.13-GCCcore-11.3.0/include;/share/apps/eb3/software/numactl/2.0.14-GCCcore-11.3.0/include;/share/apps/eb3/software/binutils/2.38-GCCcore-11.3.0/include;/share/apps/eb3/software/Eigen/3.4.0-GCCcore-12.2.0/include;/share/apps/eb3/software/GCCcore/12.2.0/include/c++/12.2.0;/share/apps/eb3/software/GCCcore/12.2.0/include/c++/12.2.0/x86_64-pc-linux-gnu;/share/apps/eb3/software/GCCcore/12.2.0/include/c++/12.2.0/backward;/share/apps/eb3/software/GCCcore/12.2.0/lib/gcc/x86_64-pc-linux-gnu/12.2.0/include;/share/apps/eb3/software/GCCcore/12.2.0/include;/usr/include]


Parsed CXX implicit link information from above output:
  link line regex: [^( *|.*[/\])(ld|CMAKE_LINK_STARTFILE-NOTFOUND|([^/\]+-)?ld|collect2)[^/\]*( |$)]
  ignore line: [Change Dir: /home/stuhecana/exciton_2b/cbuild/CMakeFiles/CMakeTmp]
  ignore line: []
  ignore line: [Run Build Command(s):/usr/bin/gmake -f Makefile cmTC_aea06/fast && /usr/bin/gmake  -f CMakeFiles/cmTC_aea06.dir/build.make CMakeFiles/cmTC_aea06.dir/build]
  ignore line: [gmake[1]: Entering directory '/home/stuhecana/exciton_2b/cbuild/CMakeFiles/CMakeTmp']
  ignore line: [Building CXX object CMakeFiles/cmTC_aea06.dir/CMakeCXXCompilerABI.cpp.o]
  ignore line: [/share/apps/eb3/software/GCCcore/12.2.0/bin/c++   -std=c++11 -O3 -lfftw3_omp -lfftw3 -lm    -v -o CMakeFiles/cmTC_aea06.dir/CMakeCXXCompilerABI.cpp.o -c /share/apps/eb3/software/CMake/3.24.3-GCCcore-12.2.0/share/cmake-3.24/Modules/CMakeCXXCompilerABI.cpp]
  ignore line: [Using built-in specs.]
  ignore line: [COLLECT_GCC=/share/apps/eb3/software/GCCcore/12.2.0/bin/c++]
  ignore line: [OFFLOAD_TARGET_NAMES=nvptx-none]
  ignore line: [Target: x86_64-pc-linux-gnu]
  ignore line: [Configured with: ../configure --enable-languages=c,c++,fortran --without-cuda-driver --enable-offload-targets=nvptx-none --enable-lto --enable-checking=release --disable-multilib --enable-shared=yes --enable-static=yes --enable-threads=posix --enable-plugins --enable-gold --enable-ld=default --prefix=/share/apps/eb3/software/GCCcore/12.2.0 --with-local-prefix=/share/apps/eb3/software/GCCcore/12.2.0 --enable-bootstrap --with-isl=/project/builduser/easybuild/build/GCCcore/12.2.0/system-system/gcc-12.2.0/stage2_stuff --build=x86_64-pc-linux-gnu --host=x86_64-pc-linux-gnu]
  ignore line: [Thread model: posix]
  ignore line: [Supported LTO compression algorithms: zlib]
  ignore line: [gcc version 12.2.0 (GCC) ]
  ignore line: [COLLECT_GCC_OPTIONS='-std=c++11' '-O3' '-v' '-o' 'CMakeFiles/cmTC_aea06.dir/CMakeCXXCompilerABI.cpp.o' '-c' '-shared-libgcc' '-mtune=generic' '-march=x86-64' '-dumpdir' 'CMakeFiles/cmTC_aea06.dir/']
  ignore line: [ /share/apps/eb3/software/GCCcore/12.2.0/libexec/gcc/x86_64-pc-linux-gnu/12.2.0/cc1plus -quiet -v -D_GNU_SOURCE /share/apps/eb3/software/CMake/3.24.3-GCCcore-12.2.0/share/cmake-3.24/Modules/CMakeCXXCompilerABI.cpp -quiet -dumpdir CMakeFiles/cmTC_aea06.dir/ -dumpbase CMakeCXXCompilerABI.cpp.cpp -dumpbase-ext .cpp -mtune=generic -march=x86-64 -O3 -std=c++11 -version -o /tmp/ccFjj0v9.s]
  ignore line: [GNU C++11 (GCC) version 12.2.0 (x86_64-pc-linux-gnu)]
  ignore line: [	compiled by GNU C version 12.2.0  GMP version 6.2.1  MPFR version 4.1.0  MPC version 1.2.1  isl version isl-0.24-GMP]
  ignore line: []
  ignore line: [GGC heuristics: --param ggc-min-expand=100 --param ggc-min-heapsize=131072]
  ignore line: [ignoring nonexistent directory "/share/apps/eb3/software/GCCcore/12.2.0/lib/gcc/x86_64-pc-linux-gnu/12.2.0/include-fixed"]
  ignore line: [ignoring nonexistent directory "/share/apps/eb3/software/GCCcore/12.2.0/lib/gcc/x86_64-pc-linux-gnu/12.2.0/../../../../x86_64-pc-linux-gnu/include"]
  ignore line: [ignoring duplicate directory "/share/apps/eb3/software/Eigen/3.4.0-GCCcore-12.2.0/include"]
  ignore line: [  as it is a non-system directory that duplicates a system directory]
  ignore line: [#include "..." search starts here:]
  ignore line: [#include <...> search starts here:]
  ignore line: [ /share/apps/eb3/software/libarchive/3.6.1-GCCcore-12.2.0/include]
  ignore line: [ /share/apps/eb3/software/XZ/5.2.7-GCCcore-12.2.0/include]
  ignore line: [ /share/apps/eb3/software/cURL/7.86.0-GCCcore-12.2.0/include]
  ignore line: [ /share/apps/eb3/software/bzip2/1.0.8-GCCcore-12.2.0/include]
  ignore line: [ /share/apps/eb3/software/zlib/1.2.12-GCCcore-12.2.0/include]
  ignore line: [ /share/apps/eb3/software/ncurses/6.3-GCCcore-12.2.0/include]
  ignore line: [ /share/apps/eb3/software/HDF5/1.12.2-gompi-2022a/include]
  ignore line: [ /share/apps/eb3/software/Szip/2.1.1-GCCcore-11.3.0/include]
  ignore line: [ /share/apps/eb3/software/FFTW.MPI/3.3.10-gompi-2022a/include]
  ignore line: [ /share/apps/eb3/software/FFTW/3.3.10-GCC-11.3.0/include]
  ignore line: [ /share/apps/eb3/software/FlexiBLAS/3.2.0-GCC-11.3.0/include]
  ignore line: [ /share/apps/eb3/software/OpenBLAS/0.3.20-GCC-11.3.0/include]
  ignore line: [ /share/apps/eb3/software/OpenMPI/4.1.4-GCC-11.3.0/include]
  ignore line: [ /share/apps/eb3/software/UCC/1.0.0-GCCcore-11.3.0/include]
  ignore line: [ /share/apps/eb3/software/PMIx/4.1.2-GCCcore-11.3.0/include]
  ignore line: [ /share/apps/eb3/software/libfabric/1.15.1-GCCcore-11.3.0/include]
  ignore line: [ /share/apps/eb3/software/UCX/1.12.1-GCCcore-11.3.0/include]
  ignore line: [ /share/apps/eb3/software/libevent/2.1.12-GCCcore-11.3.0/include]
  ignore line: [ /share/apps/eb3/software/x86_64/OpenSSL/1.1/include]
  ignore line: [ /share/apps/eb3/software/hwloc/2.7.1-GCCcore-11.3.0/include]
  ignore line: [ /share/apps/eb3/software/libpciaccess/0.16-GCCcore-11.3.0/include]
  ignore line: [ /share/apps/eb3/software/libxml2/2.9.13-GCCcore-11.3.0/include/libxml2]
  ignore line: [ /share/apps/eb3/software/libxml2/2.9.13-GCCcore-11.3.0/include]
  ignore line: [ /share/apps/eb3/software/numactl/2.0.14-GCCcore-11.3.0/include]
  ignore line: [ /share/apps/eb3/software/binutils/2.38-GCCcore-11.3.0/include]
  ignore line: [ /share/apps/eb3/software/Eigen/3.4.0-GCCcore-12.2.0/include]
  ignore line: [ /share/apps/eb3/software/GCCcore/12.2.0/lib/gcc/x86_64-pc-linux-gnu/12.2.0/../../../../include/c++/12.2.0]
  ignore line: [ /share/apps/eb3/software/GCCcore/12.2.0/lib/gcc/x86_64-pc-linux-gnu/12.2.0/../../../../include/c++/12.2.0/x86_64-pc-linux-gnu]
  ignore line: [ /share/apps/eb3/software/GCCcore/12.2.0/lib/gcc/x86_64-pc-linux-gnu/12.2.0/../../../../include/c++/12.2.0/backward]
  ignore line: [ /share/apps/eb3/software/GCCcore/12.2.0/lib/gcc/x86_64-pc-linux-gnu/12.2.0/include]
  ignore line: [ /share/apps/eb3/software/GCCcore/12.2.0/include]
  ignore line: [ /usr/include]
  ignore line: [End of search list.]
  ignore line: [GNU C++11 (GCC) version 12.2.0 (x86_64-pc-linux-gnu)]
  ignore line: [	compiled by GNU C version 12.2.0  GMP version 6.2.1  MPFR version 4.1.0  MPC version 1.2.1  isl version isl-0.24-GMP]
  ignore line: []
  ignore line: [GGC heuristics: --param ggc-min-expand=100 --param ggc-min-heapsize=131072]
  ignore line: [Compiler executable checksum: 59ef7c4f9dd46e2f1cebd39eb26fd1d1]
  ignore line: [COLLECT_GCC_OPTIONS='-std=c++11' '-O3' '-v' '-o' 'CMakeFiles/cmTC_aea06.dir/CMakeCXXCompilerABI.cpp.o' '-c' '-shared-libgcc' '-mtune=generic' '-march=x86-64' '-dumpdir' 'CMakeFiles/cmTC_aea06.dir/']
  ignore line: [ as -v --64 -o CMakeFiles/cmTC_aea06.dir/CMakeCXXCompilerABI.cpp.o /tmp/ccFjj0v9.s]
  ignore line: [GNU assembler version 2.38 (x86_64-pc-linux-gnu) using BFD version (GNU Binutils) 2.38]
  ignore line: [COMPILER_PATH=/share/apps/eb3/software/GCCcore/12.2.0/libexec/gcc/x86_64-pc-linux-gnu/12.2.0/:/share/apps/eb3/software/GCCcore/12.2.0/libexec/gcc/x86_64-pc-linux-gnu/12.2.0/:/share/apps/eb3/software/GCCcore/12.2.0/libexec/gcc/x86_64-pc-linux-gnu/:/share/apps/eb3/software/GCCcore/12.2.0/lib/gcc/x86_64-pc-linux-gnu/12.2.0/:/share/apps/eb3/software/GCCcore/12.2.0/lib/gcc/x86_64-pc-linux-gnu/]
  ignore line: [LIBRARY_PATH=/share/apps/eb3/software/libarchive/3.6.1-GCCcore-12.2.0/lib/../lib64/:/share/apps/eb3/software/XZ/5.2.7-GCCcore-12.2.0/lib/../lib64/:/share/apps/eb3/software/cURL/7.86.0-GCCcore-12.2.0/lib/../lib64/:/share/apps/eb3/software/bzip2/1.0.8-GCCcore-12.2.0/lib/../lib64/:/share/apps/eb3/software/zlib/1.2.12-GCCcore-12.2.0/lib/../lib64/:/share/apps/eb3/software/ncurses/6.3-GCCcore-12.2.0/lib/../lib64/:/share/apps/eb3/software/HDF5/1.12.2-gompi-2022a/lib/../lib64/:/share/apps/eb3/software/Szip/2.1.1-GCCcore-11.3.0/lib/../lib64/:/share/apps/eb3/software/ScaLAPACK/2.2.0-gompi-2022a-fb/lib/../lib64/:/share/apps/eb3/software/FFTW.MPI/3.3.10-gompi-2022a/lib/../lib64/:/share/apps/eb3/software/FFTW/3.3.10-GCC-11.3.0/lib/../lib64/:/share/apps/eb3/software/FlexiBLAS/3.2.0-GCC-11.3.0/lib/../lib64/:/share/apps/eb3/software/OpenBLAS/0.3.20-GCC-11.3.0/lib/../lib64/:/share/apps/eb3/software/OpenMPI/4.1.4-GCC-11.3.0/lib/../lib64/:/share/apps/eb3/software/UCC/1.0.0-GCCcore-11.3.0/lib/../lib64/:/share/apps/eb3/software/PMIx/4.1.2-GCCcore-11.3.0/lib/../lib64/:/share/apps/eb3/software/libfabric/1.15.1-GCCcore-11.3.0/lib/../lib64/:/share/apps/eb3/software/UCX/1.12.1-GCCcore-11.3.0/lib/../lib64/:/share/apps/eb3/software/libevent/2.1.12-GCCcore-11.3.0/lib/../lib64/:/share/apps/eb3/software/x86_64/OpenSSL/1.1/lib/../lib64/:/share/apps/eb3/software/hwloc/2.7.1-GCCcore-11.3.0/lib/../lib64/:/share/apps/eb3/software/libpciaccess/0.16-GCCcore-11.3.0/lib/../lib64/:/share/apps/eb3/software/libxml2/2.9.13-GCCcore-11.3.0/lib/../lib64/:/share/apps/eb3/software/numactl/2.0.14-GCCcore-11.3.0/lib/../lib64/:/share/apps/eb3/software/binutils/2.38-GCCcore-11.3.0/lib/../lib64/:/share/apps/eb3/software/GCCcore/12.2.0/lib/gcc/x86_64-pc-linux-gnu/12.2.0/:/share/apps/eb3/software/GCCcore/12.2.0/lib/gcc/x86_64-pc-linux-gnu/12.2.0/../../../../lib64/:/lib/../lib64/:/usr/lib/../lib64/:/share/apps/eb3/software/libarchive/3.6.1-GCCcore-12.2.0/lib/:/share/apps/eb3/software/XZ/5.2.7-GCCcore-12.2.0/lib/:/share/apps/eb3/software/cURL/7.86.0-GCCcore-12.2.0/lib/:/share/apps/eb3/software/bzip2/1.0.8-GCCcore-12.2.0/lib/:/share/apps/eb3/software/zlib/1.2.12-GCCcore-12.2.0/lib/:/share/apps/eb3/software/ncurses/6.3-GCCcore-12.2.0/lib/:/share/apps/eb3/software/HDF5/1.12.2-gompi-2022a/lib/:/share/apps/eb3/software/Szip/2.1.1-GCCcore-11.3.0/lib/:/share/apps/eb3/software/ScaLAPACK/2.2.0-gompi-2022a-fb/lib/:/share/apps/eb3/software/FFTW.MPI/3.3.10-gompi-2022a/lib/:/share/apps/eb3/software/FFTW/3.3.10-GCC-11.3.0/lib/:/share/apps/eb3/software/FlexiBLAS/3.2.0-GCC-11.3.0/lib/:/share/apps/eb3/software/OpenBLAS/0.3.20-GCC-11.3.0/lib/:/share/apps/eb3/software/OpenMPI/4.1.4-GCC-11.3.0/lib/:/share/apps/eb3/software/UCC/1.0.0-GCCcore-11.3.0/lib/:/share/apps/eb3/software/PMIx/4.1.2-GCCcore-11.3.0/lib/:/share/apps/eb3/software/libfabric/1.15.1-GCCcore-11.3.0/lib/:/share/apps/eb3/software/UCX/1.12.1-GCCcore-11.3.0/lib/:/share/apps/eb3/software/libevent/2.1.12-GCCcore-11.3.0/lib/:/share/apps/eb3/software/x86_64/OpenSSL/1.1/lib/:/share/apps/eb3/software/hwloc/2.7.1-GCCcore-11.3.0/lib/:/share/apps/eb3/software/libpciaccess/0.16-GCCcore-11.3.0/lib/:/share/apps/eb3/software/libxml2/2.9.13-GCCcore-11.3.0/lib/:/share/apps/eb3/software/numactl/2.0.14-GCCcore-11.3.0/lib/:/share/apps/eb3/software/binutils/2.38-GCCcore-11.3.0/lib/:/share/apps/eb3/software/GCCcore/12.2.0/lib/gcc/x86_64-pc-linux-gnu/12.2.0/../../../:/lib/:/usr/lib/]
  ignore line: [COLLECT_GCC_OPTIONS='-std=c++11' '-O3' '-v' '-o' 'CMakeFiles/cmTC_aea06.dir/CMakeCXXCompilerABI.cpp.o' '-c' '-shared-libgcc' '-mtune=generic' '-march=x86-64' '-dumpdir' 'CMakeFiles/cmTC_aea06.dir/CMakeCXXCompilerABI.cpp.']
  ignore line: [Linking CXX executable cmTC_aea06]
  ignore line: [/share/apps/eb3/software/CMake/3.24.3-GCCcore-12.2.0/bin/cmake -E cmake_link_script CMakeFiles/cmTC_aea06.dir/link.txt --verbose=1]
  ignore line: [/share/apps/eb3/software/GCCcore/12.2.0/bin/c++ -std=c++11 -O3 -lfftw3_omp -lfftw3 -lm   -v -rdynamic CMakeFiles/cmTC_aea06.dir/CMakeCXXCompilerABI.cpp.o -o cmTC_aea06 ]
  ignore line: [Using built-in specs.]
  ignore line: [COLLECT_GCC=/share/apps/eb3/software/GCCcore/12.2.0/bin/c++]
  ignore line: [COLLECT_LTO_WRAPPER=/share/apps/eb3/software/GCCcore/12.2.0/libexec/gcc/x86_64-pc-linux-gnu/12.2.0/lto-wrapper]
  ignore line: [OFFLOAD_TARGET_NAMES=nvptx-none]
  ignore line: [Target: x86_64-pc-linux-gnu]
  ignore line: [Configured with: ../configure --enable-languages=c,c++,fortran --without-cuda-driver --enable-offload-targets=nvptx-none --enable-lto --enable-checking=release --disable-multilib --enable-shared=yes --enable-static=yes --enable-threads=posix --enable-plugins --enable-gold --enable-ld=default --prefix=/share/apps/eb3/software/GCCcore/12.2.0 --with-local-prefix=/share/apps/eb3/software/GCCcore/12.2.0 --enable-bootstrap --with-isl=/project/builduser/easybuild/build/GCCcore/12.2.0/system-system/gcc-12.2.0/stage2_stuff --build=x86_64-pc-linux-gnu --host=x86_64-pc-linux-gnu]
  ignore line: [Thread model: posix]
  ignore line: [Supported LTO compression algorithms: zlib]
  ignore line: [gcc version 12.2.0 (GCC) ]
  ignore line: [COMPILER_PATH=/share/apps/eb3/software/GCCcore/12.2.0/libexec/gcc/x86_64-pc-linux-gnu/12.2.0/:/share/apps/eb3/software/GCCcore/12.2.0/libexec/gcc/x86_64-pc-linux-gnu/12.2.0/:/share/apps/eb3/software/GCCcore/12.2.0/libexec/gcc/x86_64-pc-linux-gnu/:/share/apps/eb3/software/GCCcore/12.2.0/lib/gcc/x86_64-pc-linux-gnu/12.2.0/:/share/apps/eb3/software/GCCcore/12.2.0/lib/gcc/x86_64-pc-linux-gnu/]
  ignore line: [LIBRARY_PATH=/share/apps/eb3/software/libarchive/3.6.1-GCCcore-12.2.0/lib/../lib64/:/share/apps/eb3/software/XZ/5.2.7-GCCcore-12.2.0/lib/../lib64/:/share/apps/eb3/software/cURL/7.86.0-GCCcore-12.2.0/lib/../lib64/:/share/apps/eb3/software/bzip2/1.0.8-GCCcore-12.2.0/lib/../lib64/:/share/apps/eb3/software/zlib/1.2.12-GCCcore-12.2.0/lib/../lib64/:/share/apps/eb3/software/ncurses/6.3-GCCcore-12.2.0/lib/../lib64/:/share/apps/eb3/software/HDF5/1.12.2-gompi-2022a/lib/../lib64/:/share/apps/eb3/software/Szip/2.1.1-GCCcore-11.3.0/lib/../lib64/:/share/apps/eb3/software/ScaLAPACK/2.2.0-gompi-2022a-fb/lib/../lib64/:/share/apps/eb3/software/FFTW.MPI/3.3.10-gompi-2022a/lib/../lib64/:/share/apps/eb3/software/FFTW/3.3.10-GCC-11.3.0/lib/../lib64/:/share/apps/eb3/software/FlexiBLAS/3.2.0-GCC-11.3.0/lib/../lib64/:/share/apps/eb3/software/OpenBLAS/0.3.20-GCC-11.3.0/lib/../lib64/:/share/apps/eb3/software/OpenMPI/4.1.4-GCC-11.3.0/lib/../lib64/:/share/apps/eb3/software/UCC/1.0.0-GCCcore-11.3.0/lib/../lib64/:/share/apps/eb3/software/PMIx/4.1.2-GCCcore-11.3.0/lib/../lib64/:/share/apps/eb3/software/libfabric/1.15.1-GCCcore-11.3.0/lib/../lib64/:/share/apps/eb3/software/UCX/1.12.1-GCCcore-11.3.0/lib/../lib64/:/share/apps/eb3/software/libevent/2.1.12-GCCcore-11.3.0/lib/../lib64/:/share/apps/eb3/software/x86_64/OpenSSL/1.1/lib/../lib64/:/share/apps/eb3/software/hwloc/2.7.1-GCCcore-11.3.0/lib/../lib64/:/share/apps/eb3/software/libpciaccess/0.16-GCCcore-11.3.0/lib/../lib64/:/share/apps/eb3/software/libxml2/2.9.13-GCCcore-11.3.0/lib/../lib64/:/share/apps/eb3/software/numactl/2.0.14-GCCcore-11.3.0/lib/../lib64/:/share/apps/eb3/software/binutils/2.38-GCCcore-11.3.0/lib/../lib64/:/share/apps/eb3/software/GCCcore/12.2.0/lib/gcc/x86_64-pc-linux-gnu/12.2.0/:/share/apps/eb3/software/GCCcore/12.2.0/lib/gcc/x86_64-pc-linux-gnu/12.2.0/../../../../lib64/:/lib/../lib64/:/usr/lib/../lib64/:/share/apps/eb3/software/libarchive/3.6.1-GCCcore-12.2.0/lib/:/share/apps/eb3/software/XZ/5.2.7-GCCcore-12.2.0/lib/:/share/apps/eb3/software/cURL/7.86.0-GCCcore-12.2.0/lib/:/share/apps/eb3/software/bzip2/1.0.8-GCCcore-12.2.0/lib/:/share/apps/eb3/software/zlib/1.2.12-GCCcore-12.2.0/lib/:/share/apps/eb3/software/ncurses/6.3-GCCcore-12.2.0/lib/:/share/apps/eb3/software/HDF5/1.12.2-gompi-2022a/lib/:/share/apps/eb3/software/Szip/2.1.1-GCCcore-11.3.0/lib/:/share/apps/eb3/software/ScaLAPACK/2.2.0-gompi-2022a-fb/lib/:/share/apps/eb3/software/FFTW.MPI/3.3.10-gompi-2022a/lib/:/share/apps/eb3/software/FFTW/3.3.10-GCC-11.3.0/lib/:/share/apps/eb3/software/FlexiBLAS/3.2.0-GCC-11.3.0/lib/:/share/apps/eb3/software/OpenBLAS/0.3.20-GCC-11.3.0/lib/:/share/apps/eb3/software/OpenMPI/4.1.4-GCC-11.3.0/lib/:/share/apps/eb3/software/UCC/1.0.0-GCCcore-11.3.0/lib/:/share/apps/eb3/software/PMIx/4.1.2-GCCcore-11.3.0/lib/:/share/apps/eb3/software/libfabric/1.15.1-GCCcore-11.3.0/lib/:/share/apps/eb3/software/UCX/1.12.1-GCCcore-11.3.0/lib/:/share/apps/eb3/software/libevent/2.1.12-GCCcore-11.3.0/lib/:/share/apps/eb3/software/x86_64/OpenSSL/1.1/lib/:/share/apps/eb3/software/hwloc/2.7.1-GCCcore-11.3.0/lib/:/share/apps/eb3/software/libpciaccess/0.16-GCCcore-11.3.0/lib/:/share/apps/eb3/software/libxml2/2.9.13-GCCcore-11.3.0/lib/:/share/apps/eb3/software/numactl/2.0.14-GCCcore-11.3.0/lib/:/share/apps/eb3/software/binutils/2.38-GCCcore-11.3.0/lib/:/share/apps/eb3/software/GCCcore/12.2.0/lib/gcc/x86_64-pc-linux-gnu/12.2.0/../../../:/lib/:/usr/lib/]
  ignore line: [COLLECT_GCC_OPTIONS='-std=c++11' '-O3' '-v' '-rdynamic' '-o' 'cmTC_aea06' '-shared-libgcc' '-mtune=generic' '-march=x86-64' '-dumpdir' 'cmTC_aea06.']
  link line: [ /share/apps/eb3/software/GCCcore/12.2.0/libexec/gcc/x86_64-pc-linux-gnu/12.2.0/collect2 -plugin /share/apps/eb3/software/GCCcore/12.2.0/libexec/gcc/x86_64-pc-linux-gnu/12.2.0/liblto_plugin.so -plugin-opt=/share/apps/eb3/software/GCCcore/12.2.0/libexec/gcc/x86_64-pc-linux-gnu/12.2.0/lto-wrapper -plugin-opt=-fresolution=/tmp/cc0cSmwm.res -plugin-opt=-pass-through=-lgcc_s -plugin-opt=-pass-through=-lgcc -plugin-opt=-pass-through=-lc -plugin-opt=-pass-through=-lgcc_s -plugin-opt=-pass-through=-lgcc --eh-frame-hdr -m elf_x86_64 -export-dynamic -dynamic-linker /lib64/ld-linux-x86-64.so.2 -o cmTC_aea06 /lib/../lib64/crt1.o /lib/../lib64/crti.o /share/apps/eb3/software/GCCcore/12.2.0/lib/gcc/x86_64-pc-linux-gnu/12.2.0/crtbegin.o -L/share/apps/eb3/software/libarchive/3.6.1-GCCcore-12.2.0/lib/../lib64 -L/share/apps/eb3/software/XZ/5.2.7-GCCcore-12.2.0/lib/../lib64 -L/share/apps/eb3/software/cURL/7.86.0-GCCcore-12.2.0/lib/../lib64 -L/share/apps/eb3/software/bzip2/1.0.8-GCCcore-12.2.0/lib/../lib64 -L/share/apps/eb3/software/zlib/1.2.12-GCCcore-12.2.0/lib/../lib64 -L/share/apps/eb3/software/ncurses/6.3-GCCcore-12.2.0/lib/../lib64 -L/share/apps/eb3/software/HDF5/1.12.2-gompi-2022a/lib/../lib64 -L/share/apps/eb3/software/Szip/2.1.1-GCCcore-11.3.0/lib/../lib64 -L/share/apps/eb3/software/ScaLAPACK/2.2.0-gompi-2022a-fb/lib/../lib64 -L/share/apps/eb3/software/FFTW.MPI/3.3.10-gompi-2022a/lib/../lib64 -L/share/apps/eb3/software/FFTW/3.3.10-GCC-11.3.0/lib/../lib64 -L/share/apps/eb3/software/FlexiBLAS/3.2.0-GCC-11.3.0/lib/../lib64 -L/share/apps/eb3/software/OpenBLAS/0.3.20-GCC-11.3.0/lib/../lib64 -L/share/apps/eb3/software/OpenMPI/4.1.4-GCC-11.3.0/lib/../lib64 -L/share/apps/eb3/software/UCC/1.0.0-GCCcore-11.3.0/lib/../lib64 -L/share/apps/eb3/software/PMIx/4.1.2-GCCcore-11.3.0/lib/../lib64 -L/share/apps/eb3/software/libfabric/1.15.1-GCCcore-11.3.0/lib/../lib64 -L/share/apps/eb3/software/UCX/1.12.1-GCCcore-11.3.0/lib/../lib64 -L/share/apps/eb3/software/libevent/2.1.12-GCCcore-11.3.0/lib/../lib64 -L/share/apps/eb3/software/x86_64/OpenSSL/1.1/lib/../lib64 -L/share/apps/eb3/software/hwloc/2.7.1-GCCcore-11.3.0/lib/../lib64 -L/share/apps/eb3/software/libpciaccess/0.16-GCCcore-11.3.0/lib/../lib64 -L/share/apps/eb3/software/libxml2/2.9.13-GCCcore-11.3.0/lib/../lib64 -L/share/apps/eb3/software/numactl/2.0.14-GCCcore-11.3.0/lib/../lib64 -L/share/apps/eb3/software/binutils/2.38-GCCcore-11.3.0/lib/../lib64 -L/share/apps/eb3/software/GCCcore/12.2.0/lib/gcc/x86_64-pc-linux-gnu/12.2.0 -L/share/apps/eb3/software/GCCcore/12.2.0/lib/gcc/x86_64-pc-linux-gnu/12.2.0/../../../../lib64 -L/lib/../lib64 -L/usr/lib/../lib64 -L/share/apps/eb3/software/libarchive/3.6.1-GCCcore-12.2.0/lib -L/share/apps/eb3/software/XZ/5.2.7-GCCcore-12.2.0/lib -L/share/apps/eb3/software/cURL/7.86.0-GCCcore-12.2.0/lib -L/share/apps/eb3/software/bzip2/1.0.8-GCCcore-12.2.0/lib -L/share/apps/eb3/software/zlib/1.2.12-GCCcore-12.2.0/lib -L/share/apps/eb3/software/ncurses/6.3-GCCcore-12.2.0/lib -L/share/apps/eb3/software/HDF5/1.12.2-gompi-2022a/lib -L/share/apps/eb3/software/Szip/2.1.1-GCCcore-11.3.0/lib -L/share/apps/eb3/software/ScaLAPACK/2.2.0-gompi-2022a-fb/lib -L/share/apps/eb3/software/FFTW.MPI/3.3.10-gompi-2022a/lib -L/share/apps/eb3/software/FFTW/3.3.10-GCC-11.3.0/lib -L/share/apps/eb3/software/FlexiBLAS/3.2.0-GCC-11.3.0/lib -L/share/apps/eb3/software/OpenBLAS/0.3.20-GCC-11.3.0/lib -L/share/apps/eb3/software/OpenMPI/4.1.4-GCC-11.3.0/lib -L/share/apps/eb3/software/UCC/1.0.0-GCCcore-11.3.0/lib -L/share/apps/eb3/software/PMIx/4.1.2-GCCcore-11.3.0/lib -L/share/apps/eb3/software/libfabric/1.15.1-GCCcore-11.3.0/lib -L/share/apps/eb3/software/UCX/1.12.1-GCCcore-11.3.0/lib -L/share/apps/eb3/software/libevent/2.1.12-GCCcore-11.3.0/lib -L/share/apps/eb3/software/x86_64/OpenSSL/1.1/lib -L/share/apps/eb3/software/hwloc/2.7.1-GCCcore-11.3.0/lib -L/share/apps/eb3/software/libpciaccess/0.16-GCCcore-11.3.0/lib -L/share/apps/eb3/software/libxml2/2.9.13-GCCcore-11.3.0/lib -L/share/apps/eb3/software/numactl/2.0.14-GCCcore-11.3.0/lib -L/share/apps/eb3/software/binutils/2.38-GCCcore-11.3.0/lib -L/share/apps/eb3/software/GCCcore/12.2.0/lib/gcc/x86_64-pc-linux-gnu/12.2.0/../../.. -lfftw3_omp -lfftw3 CMakeFiles/cmTC_aea06.dir/CMakeCXXCompilerABI.cpp.o -lstdc++ -lm -lgcc_s -lgcc -lc -lgcc_s -lgcc /share/apps/eb3/software/GCCcore/12.2.0/lib/gcc/x86_64-pc-linux-gnu/12.2.0/crtend.o /lib/../lib64/crtn.o]
    arg [/share/apps/eb3/software/GCCcore/12.2.0/libexec/gcc/x86_64-pc-linux-gnu/12.2.0/collect2] ==> ignore
    arg [-plugin] ==> ignore
    arg [/share/apps/eb3/software/GCCcore/12.2.0/libexec/gcc/x86_64-pc-linux-gnu/12.2.0/liblto_plugin.so] ==> ignore
    arg [-plugin-opt=/share/apps/eb3/software/GCCcore/12.2.0/libexec/gcc/x86_64-pc-linux-gnu/12.2.0/lto-wrapper] ==> ignore
    arg [-plugin-opt=-fresolution=/tmp/cc0cSmwm.res] ==> ignore
    arg [-plugin-opt=-pass-through=-lgcc_s] ==> ignore
    arg [-plugin-opt=-pass-through=-lgcc] ==> ignore
    arg [-plugin-opt=-pass-through=-lc] ==> ignore
    arg [-plugin-opt=-pass-through=-lgcc_s] ==> ignore
    arg [-plugin-opt=-pass-through=-lgcc] ==> ignore
    arg [--eh-frame-hdr] ==> ignore
    arg [-m] ==> ignore
    arg [elf_x86_64] ==> ignore
    arg [-export-dynamic] ==> ignore
    arg [-dynamic-linker] ==> ignore
    arg [/lib64/ld-linux-x86-64.so.2] ==> ignore
    arg [-o] ==> ignore
    arg [cmTC_aea06] ==> ignore
    arg [/lib/../lib64/crt1.o] ==> obj [/lib/../lib64/crt1.o]
    arg [/lib/../lib64/crti.o] ==> obj [/lib/../lib64/crti.o]
    arg [/share/apps/eb3/software/GCCcore/12.2.0/lib/gcc/x86_64-pc-linux-gnu/12.2.0/crtbegin.o] ==> obj [/share/apps/eb3/software/GCCcore/12.2.0/lib/gcc/x86_64-pc-linux-gnu/12.2.0/crtbegin.o]
    arg [-L/share/apps/eb3/software/libarchive/3.6.1-GCCcore-12.2.0/lib/../lib64] ==> dir [/share/apps/eb3/software/libarchive/3.6.1-GCCcore-12.2.0/lib/../lib64]
    arg [-L/share/apps/eb3/software/XZ/5.2.7-GCCcore-12.2.0/lib/../lib64] ==> dir [/share/apps/eb3/software/XZ/5.2.7-GCCcore-12.2.0/lib/../lib64]
    arg [-L/share/apps/eb3/software/cURL/7.86.0-GCCcore-12.2.0/lib/../lib64] ==> dir [/share/apps/eb3/software/cURL/7.86.0-GCCcore-12.2.0/lib/../lib64]
    arg [-L/share/apps/eb3/software/bzip2/1.0.8-GCCcore-12.2.0/lib/../lib64] ==> dir [/share/apps/eb3/software/bzip2/1.0.8-GCCcore-12.2.0/lib/../lib64]
    arg [-L/share/apps/eb3/software/zlib/1.2.12-GCCcore-12.2.0/lib/../lib64] ==> dir [/share/apps/eb3/software/zlib/1.2.12-GCCcore-12.2.0/lib/../lib64]
    arg [-L/share/apps/eb3/software/ncurses/6.3-GCCcore-12.2.0/lib/../lib64] ==> dir [/share/apps/eb3/software/ncurses/6.3-GCCcore-12.2.0/lib/../lib64]
    arg [-L/share/apps/eb3/software/HDF5/1.12.2-gompi-2022a/lib/../lib64] ==> dir [/share/apps/eb3/software/HDF5/1.12.2-gompi-2022a/lib/../lib64]
    arg [-L/share/apps/eb3/software/Szip/2.1.1-GCCcore-11.3.0/lib/../lib64] ==> dir [/share/apps/eb3/software/Szip/2.1.1-GCCcore-11.3.0/lib/../lib64]
    arg [-L/share/apps/eb3/software/ScaLAPACK/2.2.0-gompi-2022a-fb/lib/../lib64] ==> dir [/share/apps/eb3/software/ScaLAPACK/2.2.0-gompi-2022a-fb/lib/../lib64]
    arg [-L/share/apps/eb3/software/FFTW.MPI/3.3.10-gompi-2022a/lib/../lib64] ==> dir [/share/apps/eb3/software/FFTW.MPI/3.3.10-gompi-2022a/lib/../lib64]
    arg [-L/share/apps/eb3/software/FFTW/3.3.10-GCC-11.3.0/lib/../lib64] ==> dir [/share/apps/eb3/software/FFTW/3.3.10-GCC-11.3.0/lib/../lib64]
    arg [-L/share/apps/eb3/software/FlexiBLAS/3.2.0-GCC-11.3.0/lib/../lib64] ==> dir [/share/apps/eb3/software/FlexiBLAS/3.2.0-GCC-11.3.0/lib/../lib64]
    arg [-L/share/apps/eb3/software/OpenBLAS/0.3.20-GCC-11.3.0/lib/../lib64] ==> dir [/share/apps/eb3/software/OpenBLAS/0.3.20-GCC-11.3.0/lib/../lib64]
    arg [-L/share/apps/eb3/software/OpenMPI/4.1.4-GCC-11.3.0/lib/../lib64] ==> dir [/share/apps/eb3/software/OpenMPI/4.1.4-GCC-11.3.0/lib/../lib64]
    arg [-L/share/apps/eb3/software/UCC/1.0.0-GCCcore-11.3.0/lib/../lib64] ==> dir [/share/apps/eb3/software/UCC/1.0.0-GCCcore-11.3.0/lib/../lib64]
    arg [-L/share/apps/eb3/software/PMIx/4.1.2-GCCcore-11.3.0/lib/../lib64] ==> dir [/share/apps/eb3/software/PMIx/4.1.2-GCCcore-11.3.0/lib/../lib64]
    arg [-L/share/apps/eb3/software/libfabric/1.15.1-GCCcore-11.3.0/lib/../lib64] ==> dir [/share/apps/eb3/software/libfabric/1.15.1-GCCcore-11.3.0/lib/../lib64]
    arg [-L/share/apps/eb3/software/UCX/1.12.1-GCCcore-11.3.0/lib/../lib64] ==> dir [/share/apps/eb3/software/UCX/1.12.1-GCCcore-11.3.0/lib/../lib64]
    arg [-L/share/apps/eb3/software/libevent/2.1.12-GCCcore-11.3.0/lib/../lib64] ==> dir [/share/apps/eb3/software/libevent/2.1.12-GCCcore-11.3.0/lib/../lib64]
    arg [-L/share/apps/eb3/software/x86_64/OpenSSL/1.1/lib/../lib64] ==> dir [/share/apps/eb3/software/x86_64/OpenSSL/1.1/lib/../lib64]
    arg [-L/share/apps/eb3/software/hwloc/2.7.1-GCCcore-11.3.0/lib/../lib64] ==> dir [/share/apps/eb3/software/hwloc/2.7.1-GCCcore-11.3.0/lib/../lib64]
    arg [-L/share/apps/eb3/software/libpciaccess/0.16-GCCcore-11.3.0/lib/../lib64] ==> dir [/share/apps/eb3/software/libpciaccess/0.16-GCCcore-11.3.0/lib/../lib64]
    arg [-L/share/apps/eb3/software/libxml2/2.9.13-GCCcore-11.3.0/lib/../lib64] ==> dir [/share/apps/eb3/software/libxml2/2.9.13-GCCcore-11.3.0/lib/../lib64]
    arg [-L/share/apps/eb3/software/numactl/2.0.14-GCCcore-11.3.0/lib/../lib64] ==> dir [/share/apps/eb3/software/numactl/2.0.14-GCCcore-11.3.0/lib/../lib64]
    arg [-L/share/apps/eb3/software/binutils/2.38-GCCcore-11.3.0/lib/../lib64] ==> dir [/share/apps/eb3/software/binutils/2.38-GCCcore-11.3.0/lib/../lib64]
    arg [-L/share/apps/eb3/software/GCCcore/12.2.0/lib/gcc/x86_64-pc-linux-gnu/12.2.0] ==> dir [/share/apps/eb3/software/GCCcore/12.2.0/lib/gcc/x86_64-pc-linux-gnu/12.2.0]
    arg [-L/share/apps/eb3/software/GCCcore/12.2.0/lib/gcc/x86_64-pc-linux-gnu/12.2.0/../../../../lib64] ==> dir [/share/apps/eb3/software/GCCcore/12.2.0/lib/gcc/x86_64-pc-linux-gnu/12.2.0/../../../../lib64]
    arg [-L/lib/../lib64] ==> dir [/lib/../lib64]
    arg [-L/usr/lib/../lib64] ==> dir [/usr/lib/../lib64]
    arg [-L/share/apps/eb3/software/libarchive/3.6.1-GCCcore-12.2.0/lib] ==> dir [/share/apps/eb3/software/libarchive/3.6.1-GCCcore-12.2.0/lib]
    arg [-L/share/apps/eb3/software/XZ/5.2.7-GCCcore-12.2.0/lib] ==> dir [/share/apps/eb3/software/XZ/5.2.7-GCCcore-12.2.0/lib]
    arg [-L/share/apps/eb3/software/cURL/7.86.0-GCCcore-12.2.0/lib] ==> dir [/share/apps/eb3/software/cURL/7.86.0-GCCcore-12.2.0/lib]
    arg [-L/share/apps/eb3/software/bzip2/1.0.8-GCCcore-12.2.0/lib] ==> dir [/share/apps/eb3/software/bzip2/1.0.8-GCCcore-12.2.0/lib]
    arg [-L/share/apps/eb3/software/zlib/1.2.12-GCCcore-12.2.0/lib] ==> dir [/share/apps/eb3/software/zlib/1.2.12-GCCcore-12.2.0/lib]
    arg [-L/share/apps/eb3/software/ncurses/6.3-GCCcore-12.2.0/lib] ==> dir [/share/apps/eb3/software/ncurses/6.3-GCCcore-12.2.0/lib]
    arg [-L/share/apps/eb3/software/HDF5/1.12.2-gompi-2022a/lib] ==> dir [/share/apps/eb3/software/HDF5/1.12.2-gompi-2022a/lib]
    arg [-L/share/apps/eb3/software/Szip/2.1.1-GCCcore-11.3.0/lib] ==> dir [/share/apps/eb3/software/Szip/2.1.1-GCCcore-11.3.0/lib]
    arg [-L/share/apps/eb3/software/ScaLAPACK/2.2.0-gompi-2022a-fb/lib] ==> dir [/share/apps/eb3/software/ScaLAPACK/2.2.0-gompi-2022a-fb/lib]
    arg [-L/share/apps/eb3/software/FFTW.MPI/3.3.10-gompi-2022a/lib] ==> dir [/share/apps/eb3/software/FFTW.MPI/3.3.10-gompi-2022a/lib]
    arg [-L/share/apps/eb3/software/FFTW/3.3.10-GCC-11.3.0/lib] ==> dir [/share/apps/eb3/software/FFTW/3.3.10-GCC-11.3.0/lib]
    arg [-L/share/apps/eb3/software/FlexiBLAS/3.2.0-GCC-11.3.0/lib] ==> dir [/share/apps/eb3/software/FlexiBLAS/3.2.0-GCC-11.3.0/lib]
    arg [-L/share/apps/eb3/software/OpenBLAS/0.3.20-GCC-11.3.0/lib] ==> dir [/share/apps/eb3/software/OpenBLAS/0.3.20-GCC-11.3.0/lib]
    arg [-L/share/apps/eb3/software/OpenMPI/4.1.4-GCC-11.3.0/lib] ==> dir [/share/apps/eb3/software/OpenMPI/4.1.4-GCC-11.3.0/lib]
    arg [-L/share/apps/eb3/software/UCC/1.0.0-GCCcore-11.3.0/lib] ==> dir [/share/apps/eb3/software/UCC/1.0.0-GCCcore-11.3.0/lib]
    arg [-L/share/apps/eb3/software/PMIx/4.1.2-GCCcore-11.3.0/lib] ==> dir [/share/apps/eb3/software/PMIx/4.1.2-GCCcore-11.3.0/lib]
    arg [-L/share/apps/eb3/software/libfabric/1.15.1-GCCcore-11.3.0/lib] ==> dir [/share/apps/eb3/software/libfabric/1.15.1-GCCcore-11.3.0/lib]
    arg [-L/share/apps/eb3/software/UCX/1.12.1-GCCcore-11.3.0/lib] ==> dir [/share/apps/eb3/software/UCX/1.12.1-GCCcore-11.3.0/lib]
    arg [-L/share/apps/eb3/software/libevent/2.1.12-GCCcore-11.3.0/lib] ==> dir [/share/apps/eb3/software/libevent/2.1.12-GCCcore-11.3.0/lib]
    arg [-L/share/apps/eb3/software/x86_64/OpenSSL/1.1/lib] ==> dir [/share/apps/eb3/software/x86_64/OpenSSL/1.1/lib]
    arg [-L/share/apps/eb3/software/hwloc/2.7.1-GCCcore-11.3.0/lib] ==> dir [/share/apps/eb3/software/hwloc/2.7.1-GCCcore-11.3.0/lib]
    arg [-L/share/apps/eb3/software/libpciaccess/0.16-GCCcore-11.3.0/lib] ==> dir [/share/apps/eb3/software/libpciaccess/0.16-GCCcore-11.3.0/lib]
    arg [-L/share/apps/eb3/software/libxml2/2.9.13-GCCcore-11.3.0/lib] ==> dir [/share/apps/eb3/software/libxml2/2.9.13-GCCcore-11.3.0/lib]
    arg [-L/share/apps/eb3/software/numactl/2.0.14-GCCcore-11.3.0/lib] ==> dir [/share/apps/eb3/software/numactl/2.0.14-GCCcore-11.3.0/lib]
    arg [-L/share/apps/eb3/software/binutils/2.38-GCCcore-11.3.0/lib] ==> dir [/share/apps/eb3/software/binutils/2.38-GCCcore-11.3.0/lib]
    arg [-L/share/apps/eb3/software/GCCcore/12.2.0/lib/gcc/x86_64-pc-linux-gnu/12.2.0/../../..] ==> dir [/share/apps/eb3/software/GCCcore/12.2.0/lib/gcc/x86_64-pc-linux-gnu/12.2.0/../../..]
    arg [-lfftw3_omp] ==> lib [fftw3_omp]
    arg [-lfftw3] ==> lib [fftw3]
    arg [CMakeFiles/cmTC_aea06.dir/CMakeCXXCompilerABI.cpp.o] ==> ignore
    arg [-lstdc++] ==> lib [stdc++]
    arg [-lm] ==> lib [m]
    arg [-lgcc_s] ==> lib [gcc_s]
    arg [-lgcc] ==> lib [gcc]
    arg [-lc] ==> lib [c]
    arg [-lgcc_s] ==> lib [gcc_s]
    arg [-lgcc] ==> lib [gcc]
    arg [/share/apps/eb3/software/GCCcore/12.2.0/lib/gcc/x86_64-pc-linux-gnu/12.2.0/crtend.o] ==> obj [/share/apps/eb3/software/GCCcore/12.2.0/lib/gcc/x86_64-pc-linux-gnu/12.2.0/crtend.o]
    arg [/lib/../lib64/crtn.o] ==> obj [/lib/../lib64/crtn.o]
  collapse obj [/lib/../lib64/crt1.o] ==> [/lib64/crt1.o]
  collapse obj [/lib/../lib64/crti.o] ==> [/lib64/crti.o]
  collapse obj [/lib/../lib64/crtn.o] ==> [/lib64/crtn.o]
  collapse library dir [/share/apps/eb3/software/libarchive/3.6.1-GCCcore-12.2.0/lib/../lib64] ==> [/share/apps/eb3/software/libarchive/3.6.1-GCCcore-12.2.0/lib64]
  collapse library dir [/share/apps/eb3/software/XZ/5.2.7-GCCcore-12.2.0/lib/../lib64] ==> [/share/apps/eb3/software/XZ/5.2.7-GCCcore-12.2.0/lib64]
  collapse library dir [/share/apps/eb3/software/cURL/7.86.0-GCCcore-12.2.0/lib/../lib64] ==> [/share/apps/eb3/software/cURL/7.86.0-GCCcore-12.2.0/lib64]
  collapse library dir [/share/apps/eb3/software/bzip2/1.0.8-GCCcore-12.2.0/lib/../lib64] ==> [/share/apps/eb3/software/bzip2/1.0.8-GCCcore-12.2.0/lib64]
  collapse library dir [/share/apps/eb3/software/zlib/1.2.12-GCCcore-12.2.0/lib/../lib64] ==> [/share/apps/eb3/software/zlib/1.2.12-GCCcore-12.2.0/lib64]
  collapse library dir [/share/apps/eb3/software/ncurses/6.3-GCCcore-12.2.0/lib/../lib64] ==> [/share/apps/eb3/software/ncurses/6.3-GCCcore-12.2.0/lib64]
  collapse library dir [/share/apps/eb3/software/HDF5/1.12.2-gompi-2022a/lib/../lib64] ==> [/share/apps/eb3/software/HDF5/1.12.2-gompi-2022a/lib64]
  collapse library dir [/share/apps/eb3/software/Szip/2.1.1-GCCcore-11.3.0/lib/../lib64] ==> [/share/apps/eb3/software/Szip/2.1.1-GCCcore-11.3.0/lib64]
  collapse library dir [/share/apps/eb3/software/ScaLAPACK/2.2.0-gompi-2022a-fb/lib/../lib64] ==> [/share/apps/eb3/software/ScaLAPACK/2.2.0-gompi-2022a-fb/lib64]
  collapse library dir [/share/apps/eb3/software/FFTW.MPI/3.3.10-gompi-2022a/lib/../lib64] ==> [/share/apps/eb3/software/FFTW.MPI/3.3.10-gompi-2022a/lib64]
  collapse library dir [/share/apps/eb3/software/FFTW/3.3.10-GCC-11.3.0/lib/../lib64] ==> [/share/apps/eb3/software/FFTW/3.3.10-GCC-11.3.0/lib64]
  collapse library dir [/share/apps/eb3/software/FlexiBLAS/3.2.0-GCC-11.3.0/lib/../lib64] ==> [/share/apps/eb3/software/FlexiBLAS/3.2.0-GCC-11.3.0/lib64]
  collapse library dir [/share/apps/eb3/software/OpenBLAS/0.3.20-GCC-11.3.0/lib/../lib64] ==> [/share/apps/eb3/software/OpenBLAS/0.3.20-GCC-11.3.0/lib64]
  collapse library dir [/share/apps/eb3/software/OpenMPI/4.1.4-GCC-11.3.0/lib/../lib64] ==> [/share/apps/eb3/software/OpenMPI/4.1.4-GCC-11.3.0/lib64]
  collapse library dir [/share/apps/eb3/software/UCC/1.0.0-GCCcore-11.3.0/lib/../lib64] ==> [/share/apps/eb3/software/UCC/1.0.0-GCCcore-11.3.0/lib64]
  collapse library dir [/share/apps/eb3/software/PMIx/4.1.2-GCCcore-11.3.0/lib/../lib64] ==> [/share/apps/eb3/software/PMIx/4.1.2-GCCcore-11.3.0/lib64]
  collapse library dir [/share/apps/eb3/software/libfabric/1.15.1-GCCcore-11.3.0/lib/../lib64] ==> [/share/apps/eb3/software/libfabric/1.15.1-GCCcore-11.3.0/lib64]
  collapse library dir [/share/apps/eb3/software/UCX/1.12.1-GCCcore-11.3.0/lib/../lib64] ==> [/share/apps/eb3/software/UCX/1.12.1-GCCcore-11.3.0/lib64]
  collapse library dir [/share/apps/eb3/software/libevent/2.1.12-GCCcore-11.3.0/lib/../lib64] ==> [/share/apps/eb3/software/libevent/2.1.12-GCCcore-11.3.0/lib64]
  collapse library dir [/share/apps/eb3/software/x86_64/OpenSSL/1.1/lib/../lib64] ==> [/share/apps/eb3/software/x86_64/OpenSSL/1.1/lib64]
  collapse library dir [/share/apps/eb3/software/hwloc/2.7.1-GCCcore-11.3.0/lib/../lib64] ==> [/share/apps/eb3/software/hwloc/2.7.1-GCCcore-11.3.0/lib64]
  collapse library dir [/share/apps/eb3/software/libpciaccess/0.16-GCCcore-11.3.0/lib/../lib64] ==> [/share/apps/eb3/software/libpciaccess/0.16-GCCcore-11.3.0/lib64]
  collapse library dir [/share/apps/eb3/software/libxml2/2.9.13-GCCcore-11.3.0/lib/../lib64] ==> [/share/apps/eb3/software/libxml2/2.9.13-GCCcore-11.3.0/lib64]
  collapse library dir [/share/apps/eb3/software/numactl/2.0.14-GCCcore-11.3.0/lib/../lib64] ==> [/share/apps/eb3/software/numactl/2.0.14-GCCcore-11.3.0/lib64]
  collapse library dir [/share/apps/eb3/software/binutils/2.38-GCCcore-11.3.0/lib/../lib64] ==> [/share/apps/eb3/software/binutils/2.38-GCCcore-11.3.0/lib64]
  collapse library dir [/share/apps/eb3/software/GCCcore/12.2.0/lib/gcc/x86_64-pc-linux-gnu/12.2.0] ==> [/share/apps/eb3/software/GCCcore/12.2.0/lib/gcc/x86_64-pc-linux-gnu/12.2.0]
  collapse library dir [/share/apps/eb3/software/GCCcore/12.2.0/lib/gcc/x86_64-pc-linux-gnu/12.2.0/../../../../lib64] ==> [/share/apps/eb3/software/GCCcore/12.2.0/lib64]
  collapse library dir [/lib/../lib64] ==> [/lib64]
  collapse library dir [/usr/lib/../lib64] ==> [/usr/lib64]
  collapse library dir [/share/apps/eb3/software/libarchive/3.6.1-GCCcore-12.2.0/lib] ==> [/share/apps/eb3/software/libarchive/3.6.1-GCCcore-12.2.0/lib]
  collapse library dir [/share/apps/eb3/software/XZ/5.2.7-GCCcore-12.2.0/lib] ==> [/share/apps/eb3/software/XZ/5.2.7-GCCcore-12.2.0/lib]
  collapse library dir [/share/apps/eb3/software/cURL/7.86.0-GCCcore-12.2.0/lib] ==> [/share/apps/eb3/software/cURL/7.86.0-GCCcore-12.2.0/lib]
  collapse library dir [/share/apps/eb3/software/bzip2/1.0.8-GCCcore-12.2.0/lib] ==> [/share/apps/eb3/software/bzip2/1.0.8-GCCcore-12.2.0/lib]
  collapse library dir [/share/apps/eb3/software/zlib/1.2.12-GCCcore-12.2.0/lib] ==> [/share/apps/eb3/software/zlib/1.2.12-GCCcore-12.2.0/lib]
  collapse library dir [/share/apps/eb3/software/ncurses/6.3-GCCcore-12.2.0/lib] ==> [/share/apps/eb3/software/ncurses/6.3-GCCcore-12.2.0/lib]
  collapse library dir [/share/apps/eb3/software/HDF5/1.12.2-gompi-2022a/lib] ==> [/share/apps/eb3/software/HDF5/1.12.2-gompi-2022a/lib]
  collapse library dir [/share/apps/eb3/software/Szip/2.1.1-GCCcore-11.3.0/lib] ==> [/share/apps/eb3/software/Szip/2.1.1-GCCcore-11.3.0/lib]
  collapse library dir [/share/apps/eb3/software/ScaLAPACK/2.2.0-gompi-2022a-fb/lib] ==> [/share/apps/eb3/software/ScaLAPACK/2.2.0-gompi-2022a-fb/lib]
  collapse library dir [/share/apps/eb3/software/FFTW.MPI/3.3.10-gompi-2022a/lib] ==> [/share/apps/eb3/software/FFTW.MPI/3.3.10-gompi-2022a/lib]
  collapse library dir [/share/apps/eb3/software/FFTW/3.3.10-GCC-11.3.0/lib] ==> [/share/apps/eb3/software/FFTW/3.3.10-GCC-11.3.0/lib]
  collapse library dir [/share/apps/eb3/software/FlexiBLAS/3.2.0-GCC-11.3.0/lib] ==> [/share/apps/eb3/software/FlexiBLAS/3.2.0-GCC-11.3.0/lib]
  collapse library dir [/share/apps/eb3/software/OpenBLAS/0.3.20-GCC-11.3.0/lib] ==> [/share/apps/eb3/software/OpenBLAS/0.3.20-GCC-11.3.0/lib]
  collapse library dir [/share/apps/eb3/software/OpenMPI/4.1.4-GCC-11.3.0/lib] ==> [/share/apps/eb3/software/OpenMPI/4.1.4-GCC-11.3.0/lib]
  collapse library dir [/share/apps/eb3/software/UCC/1.0.0-GCCcore-11.3.0/lib] ==> [/share/apps/eb3/software/UCC/1.0.0-GCCcore-11.3.0/lib]
  collapse library dir [/share/apps/eb3/software/PMIx/4.1.2-GCCcore-11.3.0/lib] ==> [/share/apps/eb3/software/PMIx/4.1.2-GCCcore-11.3.0/lib]
  collapse library dir [/share/apps/eb3/software/libfabric/1.15.1-GCCcore-11.3.0/lib] ==> [/share/apps/eb3/software/libfabric/1.15.1-GCCcore-11.3.0/lib]
  collapse library dir [/share/apps/eb3/software/UCX/1.12.1-GCCcore-11.3.0/lib] ==> [/share/apps/eb3/software/UCX/1.12.1-GCCcore-11.3.0/lib]
  collapse library dir [/share/apps/eb3/software/libevent/2.1.12-GCCcore-11.3.0/lib] ==> [/share/apps/eb3/software/libevent/2.1.12-GCCcore-11.3.0/lib]
  collapse library dir [/share/apps/eb3/software/x86_64/OpenSSL/1.1/lib] ==> [/share/apps/eb3/software/x86_64/OpenSSL/1.1/lib]
  collapse library dir [/share/apps/eb3/software/hwloc/2.7.1-GCCcore-11.3.0/lib] ==> [/share/apps/eb3/software/hwloc/2.7.1-GCCcore-11.3.0/lib]
  collapse library dir [/share/apps/eb3/software/libpciaccess/0.16-GCCcore-11.3.0/lib] ==> [/share/apps/eb3/software/libpciaccess/0.16-GCCcore-11.3.0/lib]
  collapse library dir [/share/apps/eb3/software/libxml2/2.9.13-GCCcore-11.3.0/lib] ==> [/share/apps/eb3/software/libxml2/2.9.13-GCCcore-11.3.0/lib]
  collapse library dir [/share/apps/eb3/software/numactl/2.0.14-GCCcore-11.3.0/lib] ==> [/share/apps/eb3/software/numactl/2.0.14-GCCcore-11.3.0/lib]
  collapse library dir [/share/apps/eb3/software/binutils/2.38-GCCcore-11.3.0/lib] ==> [/share/apps/eb3/software/binutils/2.38-GCCcore-11.3.0/lib]
  collapse library dir [/share/apps/eb3/software/GCCcore/12.2.0/lib/gcc/x86_64-pc-linux-gnu/12.2.0/../../..] ==> [/share/apps/eb3/software/GCCcore/12.2.0/lib]
  implicit libs: [fftw3_omp;fftw3;stdc++;m;gcc_s;gcc;c;gcc_s;gcc]
  implicit objs: [/lib64/crt1.o;/lib64/crti.o;/share/apps/eb3/software/GCCcore/12.2.0/lib/gcc/x86_64-pc-linux-gnu/12.2.0/crtbegin.o;/share/apps/eb3/software/GCCcore/12.2.0/lib/gcc/x86_64-pc-linux-gnu/12.2.0/crtend.o;/lib64/crtn.o]
  implicit dirs: [/share/apps/eb3/software/libarchive/3.6.1-GCCcore-12.2.0/lib64;/share/apps/eb3/software/XZ/5.2.7-GCCcore-12.2.0/lib64;/share/apps/eb3/software/cURL/7.86.0-GCCcore-12.2.0/lib64;/share/apps/eb3/software/bzip2/1.0.8-GCCcore-12.2.0/lib64;/share/apps/eb3/software/zlib/1.2.12-GCCcore-12.2.0/lib64;/share/apps/eb3/software/ncurses/6.3-GCCcore-12.2.0/lib64;/share/apps/eb3/software/HDF5/1.12.2-gompi-2022a/lib64;/share/apps/eb3/software/Szip/2.1.1-GCCcore-11.3.0/lib64;/share/apps/eb3/software/ScaLAPACK/2.2.0-gompi-2022a-fb/lib64;/share/apps/eb3/software/FFTW.MPI/3.3.10-gompi-2022a/lib64;/share/apps/eb3/software/FFTW/3.3.10-GCC-11.3.0/lib64;/share/apps/eb3/software/FlexiBLAS/3.2.0-GCC-11.3.0/lib64;/share/apps/eb3/software/OpenBLAS/0.3.20-GCC-11.3.0/lib64;/share/apps/eb3/software/OpenMPI/4.1.4-GCC-11.3.0/lib64;/share/apps/eb3/software/UCC/1.0.0-GCCcore-11.3.0/lib64;/share/apps/eb3/software/PMIx/4.1.2-GCCcore-11.3.0/lib64;/share/apps/eb3/software/libfabric/1.15.1-GCCcore-11.3.0/lib64;/share/apps/eb3/software/UCX/1.12.1-GCCcore-11.3.0/lib64;/share/apps/eb3/software/libevent/2.1.12-GCCcore-11.3.0/lib64;/share/apps/eb3/software/x86_64/OpenSSL/1.1/lib64;/share/apps/eb3/software/hwloc/2.7.1-GCCcore-11.3.0/lib64;/share/apps/eb3/software/libpciaccess/0.16-GCCcore-11.3.0/lib64;/share/apps/eb3/software/libxml2/2.9.13-GCCcore-11.3.0/lib64;/share/apps/eb3/software/numactl/2.0.14-GCCcore-11.3.0/lib64;/share/apps/eb3/software/binutils/2.38-GCCcore-11.3.0/lib64;/share/apps/eb3/software/GCCcore/12.2.0/lib/gcc/x86_64-pc-linux-gnu/12.2.0;/share/apps/eb3/software/GCCcore/12.2.0/lib64;/lib64;/usr/lib64;/share/apps/eb3/software/libarchive/3.6.1-GCCcore-12.2.0/lib;/share/apps/eb3/software/XZ/5.2.7-GCCcore-12.2.0/lib;/share/apps/eb3/software/cURL/7.86.0-GCCcore-12.2.0/lib;/share/apps/eb3/software/bzip2/1.0.8-GCCcore-12.2.0/lib;/share/apps/eb3/software/zlib/1.2.12-GCCcore-12.2.0/lib;/share/apps/eb3/software/ncurses/6.3-GCCcore-12.2.0/lib;/share/apps/eb3/software/HDF5/1.12.2-gompi-2022a/lib;/share/apps/eb3/software/Szip/2.1.1-GCCcore-11.3.0/lib;/share/apps/eb3/software/ScaLAPACK/2.2.0-gompi-2022a-fb/lib;/share/apps/eb3/software/FFTW.MPI/3.3.10-gompi-2022a/lib;/share/apps/eb3/software/FFTW/3.3.10-GCC-11.3.0/lib;/share/apps/eb3/software/FlexiBLAS/3.2.0-GCC-11.3.0/lib;/share/apps/eb3/software/OpenBLAS/0.3.20-GCC-11.3.0/lib;/share/apps/eb3/software/OpenMPI/4.1.4-GCC-11.3.0/lib;/share/apps/eb3/software/UCC/1.0.0-GCCcore-11.3.0/lib;/share/apps/eb3/software/PMIx/4.1.2-GCCcore-11.3.0/lib;/share/apps/eb3/software/libfabric/1.15.1-GCCcore-11.3.0/lib;/share/apps/eb3/software/UCX/1.12.1-GCCcore-11.3.0/lib;/share/apps/eb3/software/libevent/2.1.12-GCCcore-11.3.0/lib;/share/apps/eb3/software/x86_64/OpenSSL/1.1/lib;/share/apps/eb3/software/hwloc/2.7.1-GCCcore-11.3.0/lib;/share/apps/eb3/software/libpciaccess/0.16-GCCcore-11.3.0/lib;/share/apps/eb3/software/libxml2/2.9.13-GCCcore-11.3.0/lib;/share/apps/eb3/software/numactl/2.0.14-GCCcore-11.3.0/lib;/share/apps/eb3/software/binutils/2.38-GCCcore-11.3.0/lib;/share/apps/eb3/software/GCCcore/12.2.0/lib]
  implicit fwks: []


Detecting C OpenMP compiler ABI info compiled with the following output:
Change Dir: /home/stuhecana/exciton_2b/cbuild/CMakeFiles/CMakeTmp

Run Build Command(s):/usr/bin/gmake -f Makefile cmTC_43f07/fast && /usr/bin/gmake  -f CMakeFiles/cmTC_43f07.dir/build.make CMakeFiles/cmTC_43f07.dir/build
gmake[1]: Entering directory '/home/stuhecana/exciton_2b/cbuild/CMakeFiles/CMakeTmp'
Building C object CMakeFiles/cmTC_43f07.dir/OpenMPTryFlag.c.o
/share/apps/eb3/software/GCCcore/12.2.0/bin/cc   -fopenmp -v -o CMakeFiles/cmTC_43f07.dir/OpenMPTryFlag.c.o -c /home/stuhecana/exciton_2b/cbuild/CMakeFiles/FindOpenMP/OpenMPTryFlag.c
Using built-in specs.
COLLECT_GCC=/share/apps/eb3/software/GCCcore/12.2.0/bin/cc
OFFLOAD_TARGET_NAMES=nvptx-none
Target: x86_64-pc-linux-gnu
Configured with: ../configure --enable-languages=c,c++,fortran --without-cuda-driver --enable-offload-targets=nvptx-none --enable-lto --enable-checking=release --disable-multilib --enable-shared=yes --enable-static=yes --enable-threads=posix --enable-plugins --enable-gold --enable-ld=default --prefix=/share/apps/eb3/software/GCCcore/12.2.0 --with-local-prefix=/share/apps/eb3/software/GCCcore/12.2.0 --enable-bootstrap --with-isl=/project/builduser/easybuild/build/GCCcore/12.2.0/system-system/gcc-12.2.0/stage2_stuff --build=x86_64-pc-linux-gnu --host=x86_64-pc-linux-gnu
Thread model: posix
Supported LTO compression algorithms: zlib
gcc version 12.2.0 (GCC) 
COLLECT_GCC_OPTIONS='-fopenmp' '-v' '-o' 'CMakeFiles/cmTC_43f07.dir/OpenMPTryFlag.c.o' '-c' '-mtune=generic' '-march=x86-64' '-pthread' '-dumpdir' 'CMakeFiles/cmTC_43f07.dir/'
 /share/apps/eb3/software/GCCcore/12.2.0/libexec/gcc/x86_64-pc-linux-gnu/12.2.0/cc1 -quiet -v -D_REENTRANT /home/stuhecana/exciton_2b/cbuild/CMakeFiles/FindOpenMP/OpenMPTryFlag.c -quiet -dumpdir CMakeFiles/cmTC_43f07.dir/ -dumpbase OpenMPTryFlag.c.c -dumpbase-ext .c -mtune=generic -march=x86-64 -version -fopenmp -o /tmp/ccAWr1QF.s
GNU C17 (GCC) version 12.2.0 (x86_64-pc-linux-gnu)
	compiled by GNU C version 12.2.0, GMP version 6.2.1, MPFR version 4.1.0, MPC version 1.2.1, isl version isl-0.24-GMP

GGC heuristics: --param ggc-min-expand=100 --param ggc-min-heapsize=131072
ignoring nonexistent directory "/share/apps/eb3/software/GCCcore/12.2.0/lib/gcc/x86_64-pc-linux-gnu/12.2.0/include-fixed"
ignoring nonexistent directory "/share/apps/eb3/software/GCCcore/12.2.0/lib/gcc/x86_64-pc-linux-gnu/12.2.0/../../../../x86_64-pc-linux-gnu/include"
#include "..." search starts here:
#include <...> search starts here:
 /share/apps/eb3/software/libarchive/3.6.1-GCCcore-12.2.0/include
 /share/apps/eb3/software/XZ/5.2.7-GCCcore-12.2.0/include
 /share/apps/eb3/software/cURL/7.86.0-GCCcore-12.2.0/include
 /share/apps/eb3/software/bzip2/1.0.8-GCCcore-12.2.0/include
 /share/apps/eb3/software/zlib/1.2.12-GCCcore-12.2.0/include
 /share/apps/eb3/software/ncurses/6.3-GCCcore-12.2.0/include
 /share/apps/eb3/software/Eigen/3.4.0-GCCcore-12.2.0/include
 /share/apps/eb3/software/HDF5/1.12.2-gompi-2022a/include
 /share/apps/eb3/software/Szip/2.1.1-GCCcore-11.3.0/include
 /share/apps/eb3/software/FFTW.MPI/3.3.10-gompi-2022a/include
 /share/apps/eb3/software/FFTW/3.3.10-GCC-11.3.0/include
 /share/apps/eb3/software/FlexiBLAS/3.2.0-GCC-11.3.0/include
 /share/apps/eb3/software/OpenBLAS/0.3.20-GCC-11.3.0/include
 /share/apps/eb3/software/OpenMPI/4.1.4-GCC-11.3.0/include
 /share/apps/eb3/software/UCC/1.0.0-GCCcore-11.3.0/include
 /share/apps/eb3/software/PMIx/4.1.2-GCCcore-11.3.0/include
 /share/apps/eb3/software/libfabric/1.15.1-GCCcore-11.3.0/include
 /share/apps/eb3/software/UCX/1.12.1-GCCcore-11.3.0/include
 /share/apps/eb3/software/libevent/2.1.12-GCCcore-11.3.0/include
 /share/apps/eb3/software/x86_64/OpenSSL/1.1/include
 /share/apps/eb3/software/hwloc/2.7.1-GCCcore-11.3.0/include
 /share/apps/eb3/software/libpciaccess/0.16-GCCcore-11.3.0/include
 /share/apps/eb3/software/libxml2/2.9.13-GCCcore-11.3.0/include/libxml2
 /share/apps/eb3/software/libxml2/2.9.13-GCCcore-11.3.0/include
 /share/apps/eb3/software/numactl/2.0.14-GCCcore-11.3.0/include
 /share/apps/eb3/software/binutils/2.38-GCCcore-11.3.0/include
 /share/apps/eb3/software/GCCcore/12.2.0/lib/gcc/x86_64-pc-linux-gnu/12.2.0/include
 /share/apps/eb3/software/GCCcore/12.2.0/include
 /usr/include
End of search list.
GNU C17 (GCC) version 12.2.0 (x86_64-pc-linux-gnu)
	compiled by GNU C version 12.2.0, GMP version 6.2.1, MPFR version 4.1.0, MPC version 1.2.1, isl version isl-0.24-GMP

GGC heuristics: --param ggc-min-expand=100 --param ggc-min-heapsize=131072
Compiler executable checksum: 52465c9edd0e952d9499b38feaf34663
COLLECT_GCC_OPTIONS='-fopenmp' '-v' '-o' 'CMakeFiles/cmTC_43f07.dir/OpenMPTryFlag.c.o' '-c' '-mtune=generic' '-march=x86-64' '-pthread' '-dumpdir' 'CMakeFiles/cmTC_43f07.dir/'
 as -v --64 -o CMakeFiles/cmTC_43f07.dir/OpenMPTryFlag.c.o /tmp/ccAWr1QF.s
GNU assembler version 2.38 (x86_64-pc-linux-gnu) using BFD version (GNU Binutils) 2.38
COMPILER_PATH=/share/apps/eb3/software/GCCcore/12.2.0/libexec/gcc/x86_64-pc-linux-gnu/12.2.0/:/share/apps/eb3/software/GCCcore/12.2.0/libexec/gcc/x86_64-pc-linux-gnu/12.2.0/:/share/apps/eb3/software/GCCcore/12.2.0/libexec/gcc/x86_64-pc-linux-gnu/:/share/apps/eb3/software/GCCcore/12.2.0/lib/gcc/x86_64-pc-linux-gnu/12.2.0/:/share/apps/eb3/software/GCCcore/12.2.0/lib/gcc/x86_64-pc-linux-gnu/
LIBRARY_PATH=/share/apps/eb3/software/libarchive/3.6.1-GCCcore-12.2.0/lib/../lib64/:/share/apps/eb3/software/XZ/5.2.7-GCCcore-12.2.0/lib/../lib64/:/share/apps/eb3/software/cURL/7.86.0-GCCcore-12.2.0/lib/../lib64/:/share/apps/eb3/software/bzip2/1.0.8-GCCcore-12.2.0/lib/../lib64/:/share/apps/eb3/software/zlib/1.2.12-GCCcore-12.2.0/lib/../lib64/:/share/apps/eb3/software/ncurses/6.3-GCCcore-12.2.0/lib/../lib64/:/share/apps/eb3/software/HDF5/1.12.2-gompi-2022a/lib/../lib64/:/share/apps/eb3/software/Szip/2.1.1-GCCcore-11.3.0/lib/../lib64/:/share/apps/eb3/software/ScaLAPACK/2.2.0-gompi-2022a-fb/lib/../lib64/:/share/apps/eb3/software/FFTW.MPI/3.3.10-gompi-2022a/lib/../lib64/:/share/apps/eb3/software/FFTW/3.3.10-GCC-11.3.0/lib/../lib64/:/share/apps/eb3/software/FlexiBLAS/3.2.0-GCC-11.3.0/lib/../lib64/:/share/apps/eb3/software/OpenBLAS/0.3.20-GCC-11.3.0/lib/../lib64/:/share/apps/eb3/software/OpenMPI/4.1.4-GCC-11.3.0/lib/../lib64/:/share/apps/eb3/software/UCC/1.0.0-GCCcore-11.3.0/lib/../lib64/:/share/apps/eb3/software/PMIx/4.1.2-GCCcore-11.3.0/lib/../lib64/:/share/apps/eb3/software/libfabric/1.15.1-GCCcore-11.3.0/lib/../lib64/:/share/apps/eb3/software/UCX/1.12.1-GCCcore-11.3.0/lib/../lib64/:/share/apps/eb3/software/libevent/2.1.12-GCCcore-11.3.0/lib/../lib64/:/share/apps/eb3/software/x86_64/OpenSSL/1.1/lib/../lib64/:/share/apps/eb3/software/hwloc/2.7.1-GCCcore-11.3.0/lib/../lib64/:/share/apps/eb3/software/libpciaccess/0.16-GCCcore-11.3.0/lib/../lib64/:/share/apps/eb3/software/libxml2/2.9.13-GCCcore-11.3.0/lib/../lib64/:/share/apps/eb3/software/numactl/2.0.14-GCCcore-11.3.0/lib/../lib64/:/share/apps/eb3/software/binutils/2.38-GCCcore-11.3.0/lib/../lib64/:/share/apps/eb3/software/GCCcore/12.2.0/lib/gcc/x86_64-pc-linux-gnu/12.2.0/:/share/apps/eb3/software/GCCcore/12.2.0/lib/gcc/x86_64-pc-linux-gnu/12.2.0/../../../../lib64/:/lib/../lib64/:/usr/lib/../lib64/:/share/apps/eb3/software/libarchive/3.6.1-GCCcore-12.2.0/lib/:/share/apps/eb3/software/XZ/5.2.7-GCCcore-12.2.0/lib/:/share/apps/eb3/software/cURL/7.86.0-GCCcore-12.2.0/lib/:/share/apps/eb3/software/bzip2/1.0.8-GCCcore-12.2.0/lib/:/share/apps/eb3/software/zlib/1.2.12-GCCcore-12.2.0/lib/:/share/apps/eb3/software/ncurses/6.3-GCCcore-12.2.0/lib/:/share/apps/eb3/software/HDF5/1.12.2-gompi-2022a/lib/:/share/apps/eb3/software/Szip/2.1.1-GCCcore-11.3.0/lib/:/share/apps/eb3/software/ScaLAPACK/2.2.0-gompi-2022a-fb/lib/:/share/apps/eb3/software/FFTW.MPI/3.3.10-gompi-2022a/lib/:/share/apps/eb3/software/FFTW/3.3.10-GCC-11.3.0/lib/:/share/apps/eb3/software/FlexiBLAS/3.2.0-GCC-11.3.0/lib/:/share/apps/eb3/software/OpenBLAS/0.3.20-GCC-11.3.0/lib/:/share/apps/eb3/software/OpenMPI/4.1.4-GCC-11.3.0/lib/:/share/apps/eb3/software/UCC/1.0.0-GCCcore-11.3.0/lib/:/share/apps/eb3/software/PMIx/4.1.2-GCCcore-11.3.0/lib/:/share/apps/eb3/software/libfabric/1.15.1-GCCcore-11.3.0/lib/:/share/apps/eb3/software/UCX/1.12.1-GCCcore-11.3.0/lib/:/share/apps/eb3/software/libevent/2.1.12-GCCcore-11.3.0/lib/:/share/apps/eb3/software/x86_64/OpenSSL/1.1/lib/:/share/apps/eb3/software/hwloc/2.7.1-GCCcore-11.3.0/lib/:/share/apps/eb3/software/libpciaccess/0.16-GCCcore-11.3.0/lib/:/share/apps/eb3/software/libxml2/2.9.13-GCCcore-11.3.0/lib/:/share/apps/eb3/software/numactl/2.0.14-GCCcore-11.3.0/lib/:/share/apps/eb3/software/binutils/2.38-GCCcore-11.3.0/lib/:/share/apps/eb3/software/GCCcore/12.2.0/lib/gcc/x86_64-pc-linux-gnu/12.2.0/../../../:/lib/:/usr/lib/
COLLECT_GCC_OPTIONS='-fopenmp' '-v' '-o' 'CMakeFiles/cmTC_43f07.dir/OpenMPTryFlag.c.o' '-c' '-mtune=generic' '-march=x86-64' '-pthread' '-dumpdir' 'CMakeFiles/cmTC_43f07.dir/OpenMPTryFlag.c.'
Linking C executable cmTC_43f07
/share/apps/eb3/software/CMake/3.24.3-GCCcore-12.2.0/bin/cmake -E cmake_link_script CMakeFiles/cmTC_43f07.dir/link.txt --verbose=1
/share/apps/eb3/software/GCCcore/12.2.0/bin/cc  -fopenmp -v -rdynamic CMakeFiles/cmTC_43f07.dir/OpenMPTryFlag.c.o -o cmTC_43f07  -v 
Using built-in specs.
COLLECT_GCC=/share/apps/eb3/software/GCCcore/12.2.0/bin/cc
COLLECT_LTO_WRAPPER=/share/apps/eb3/software/GCCcore/12.2.0/libexec/gcc/x86_64-pc-linux-gnu/12.2.0/lto-wrapper
OFFLOAD_TARGET_NAMES=nvptx-none
Target: x86_64-pc-linux-gnu
Configured with: ../configure --enable-languages=c,c++,fortran --without-cuda-driver --enable-offload-targets=nvptx-none --enable-lto --enable-checking=release --disable-multilib --enable-shared=yes --enable-static=yes --enable-threads=posix --enable-plugins --enable-gold --enable-ld=default --prefix=/share/apps/eb3/software/GCCcore/12.2.0 --with-local-prefix=/share/apps/eb3/software/GCCcore/12.2.0 --enable-bootstrap --with-isl=/project/builduser/easybuild/build/GCCcore/12.2.0/system-system/gcc-12.2.0/stage2_stuff --build=x86_64-pc-linux-gnu --host=x86_64-pc-linux-gnu
Thread model: posix
Supported LTO compression algorithms: zlib
gcc version 12.2.0 (GCC) 
COMPILER_PATH=/share/apps/eb3/software/GCCcore/12.2.0/libexec/gcc/x86_64-pc-linux-gnu/12.2.0/:/share/apps/eb3/software/GCCcore/12.2.0/libexec/gcc/x86_64-pc-linux-gnu/12.2.0/:/share/apps/eb3/software/GCCcore/12.2.0/libexec/gcc/x86_64-pc-linux-gnu/:/share/apps/eb3/software/GCCcore/12.2.0/lib/gcc/x86_64-pc-linux-gnu/12.2.0/:/share/apps/eb3/software/GCCcore/12.2.0/lib/gcc/x86_64-pc-linux-gnu/
LIBRARY_PATH=/share/apps/eb3/software/libarchive/3.6.1-GCCcore-12.2.0/lib/../lib64/:/share/apps/eb3/software/XZ/5.2.7-GCCcore-12.2.0/lib/../lib64/:/share/apps/eb3/software/cURL/7.86.0-GCCcore-12.2.0/lib/../lib64/:/share/apps/eb3/software/bzip2/1.0.8-GCCcore-12.2.0/lib/../lib64/:/share/apps/eb3/software/zlib/1.2.12-GCCcore-12.2.0/lib/../lib64/:/share/apps/eb3/software/ncurses/6.3-GCCcore-12.2.0/lib/../lib64/:/share/apps/eb3/software/HDF5/1.12.2-gompi-2022a/lib/../lib64/:/share/apps/eb3/software/Szip/2.1.1-GCCcore-11.3.0/lib/../lib64/:/share/apps/eb3/software/ScaLAPACK/2.2.0-gompi-2022a-fb/lib/../lib64/:/share/apps/eb3/software/FFTW.MPI/3.3.10-gompi-2022a/lib/../lib64/:/share/apps/eb3/software/FFTW/3.3.10-GCC-11.3.0/lib/../lib64/:/share/apps/eb3/software/FlexiBLAS/3.2.0-GCC-11.3.0/lib/../lib64/:/share/apps/eb3/software/OpenBLAS/0.3.20-GCC-11.3.0/lib/../lib64/:/share/apps/eb3/software/OpenMPI/4.1.4-GCC-11.3.0/lib/../lib64/:/share/apps/eb3/software/UCC/1.0.0-GCCcore-11.3.0/lib/../lib64/:/share/apps/eb3/software/PMIx/4.1.2-GCCcore-11.3.0/lib/../lib64/:/share/apps/eb3/software/libfabric/1.15.1-GCCcore-11.3.0/lib/../lib64/:/share/apps/eb3/software/UCX/1.12.1-GCCcore-11.3.0/lib/../lib64/:/share/apps/eb3/software/libevent/2.1.12-GCCcore-11.3.0/lib/../lib64/:/share/apps/eb3/software/x86_64/OpenSSL/1.1/lib/../lib64/:/share/apps/eb3/software/hwloc/2.7.1-GCCcore-11.3.0/lib/../lib64/:/share/apps/eb3/software/libpciaccess/0.16-GCCcore-11.3.0/lib/../lib64/:/share/apps/eb3/software/libxml2/2.9.13-GCCcore-11.3.0/lib/../lib64/:/share/apps/eb3/software/numactl/2.0.14-GCCcore-11.3.0/lib/../lib64/:/share/apps/eb3/software/binutils/2.38-GCCcore-11.3.0/lib/../lib64/:/share/apps/eb3/software/GCCcore/12.2.0/lib/gcc/x86_64-pc-linux-gnu/12.2.0/:/share/apps/eb3/software/GCCcore/12.2.0/lib/gcc/x86_64-pc-linux-gnu/12.2.0/../../../../lib64/:/lib/../lib64/:/usr/lib/../lib64/:/share/apps/eb3/software/libarchive/3.6.1-GCCcore-12.2.0/lib/:/share/apps/eb3/software/XZ/5.2.7-GCCcore-12.2.0/lib/:/share/apps/eb3/software/cURL/7.86.0-GCCcore-12.2.0/lib/:/share/apps/eb3/software/bzip2/1.0.8-GCCcore-12.2.0/lib/:/share/apps/eb3/software/zlib/1.2.12-GCCcore-12.2.0/lib/:/share/apps/eb3/software/ncurses/6.3-GCCcore-12.2.0/lib/:/share/apps/eb3/software/HDF5/1.12.2-gompi-2022a/lib/:/share/apps/eb3/software/Szip/2.1.1-GCCcore-11.3.0/lib/:/share/apps/eb3/software/ScaLAPACK/2.2.0-gompi-2022a-fb/lib/:/share/apps/eb3/software/FFTW.MPI/3.3.10-gompi-2022a/lib/:/share/apps/eb3/software/FFTW/3.3.10-GCC-11.3.0/lib/:/share/apps/eb3/software/FlexiBLAS/3.2.0-GCC-11.3.0/lib/:/share/apps/eb3/software/OpenBLAS/0.3.20-GCC-11.3.0/lib/:/share/apps/eb3/software/OpenMPI/4.1.4-GCC-11.3.0/lib/:/share/apps/eb3/software/UCC/1.0.0-GCCcore-11.3.0/lib/:/share/apps/eb3/software/PMIx/4.1.2-GCCcore-11.3.0/lib/:/share/apps/eb3/software/libfabric/1.15.1-GCCcore-11.3.0/lib/:/share/apps/eb3/software/UCX/1.12.1-GCCcore-11.3.0/lib/:/share/apps/eb3/software/libevent/2.1.12-GCCcore-11.3.0/lib/:/share/apps/eb3/software/x86_64/OpenSSL/1.1/lib/:/share/apps/eb3/software/hwloc/2.7.1-GCCcore-11.3.0/lib/:/share/apps/eb3/software/libpciaccess/0.16-GCCcore-11.3.0/lib/:/share/apps/eb3/software/libxml2/2.9.13-GCCcore-11.3.0/lib/:/share/apps/eb3/software/numactl/2.0.14-GCCcore-11.3.0/lib/:/share/apps/eb3/software/binutils/2.38-GCCcore-11.3.0/lib/:/share/apps/eb3/software/GCCcore/12.2.0/lib/gcc/x86_64-pc-linux-gnu/12.2.0/../../../:/lib/:/usr/lib/
Reading specs from /share/apps/eb3/software/GCCcore/12.2.0/lib/gcc/x86_64-pc-linux-gnu/12.2.0/../../../../lib64/libgomp.spec
COLLECT_GCC_OPTIONS='-fopenmp' '-v' '-rdynamic' '-o' 'cmTC_43f07' '-v' '-mtune=generic' '-march=x86-64' '-pthread' '-dumpdir' 'cmTC_43f07.'
 /share/apps/eb3/software/GCCcore/12.2.0/libexec/gcc/x86_64-pc-linux-gnu/12.2.0/collect2 -plugin /share/apps/eb3/software/GCCcore/12.2.0/libexec/gcc/x86_64-pc-linux-gnu/12.2.0/liblto_plugin.so -plugin-opt=/share/apps/eb3/software/GCCcore/12.2.0/libexec/gcc/x86_64-pc-linux-gnu/12.2.0/lto-wrapper -plugin-opt=-fresolution=/tmp/ccg6kmQR.res -plugin-opt=-pass-through=-lgcc -plugin-opt=-pass-through=-lgcc_s -plugin-opt=-pass-through=-lpthread -plugin-opt=-pass-through=-lc -plugin-opt=-pass-through=-lgcc -plugin-opt=-pass-through=-lgcc_s --eh-frame-hdr -m elf_x86_64 -export-dynamic -dynamic-linker /lib64/ld-linux-x86-64.so.2 -o cmTC_43f07 /lib/../lib64/crt1.o /lib/../lib64/crti.o /share/apps/eb3/software/GCCcore/12.2.0/lib/gcc/x86_64-pc-linux-gnu/12.2.0/crtbegin.o /share/apps/eb3/software/GCCcore/12.2.0/lib/gcc/x86_64-pc-linux-gnu/12.2.0/crtoffloadbegin.o -L/share/apps/eb3/software/libarchive/3.6.1-GCCcore-12.2.0/lib/../lib64 -L/share/apps/eb3/software/XZ/5.2.7-GCCcore-12.2.0/lib/../lib64 -L/share/apps/eb3/software/cURL/7.86.0-GCCcore-12.2.0/lib/../lib64 -L/share/apps/eb3/software/bzip2/1.0.8-GCCcore-12.2.0/lib/../lib64 -L/share/apps/eb3/software/zlib/1.2.12-GCCcore-12.2.0/lib/../lib64 -L/share/apps/eb3/software/ncurses/6.3-GCCcore-12.2.0/lib/../lib64 -L/share/apps/eb3/software/HDF5/1.12.2-gompi-2022a/lib/../lib64 -L/share/apps/eb3/software/Szip/2.1.1-GCCcore-11.3.0/lib/../lib64 -L/share/apps/eb3/software/ScaLAPACK/2.2.0-gompi-2022a-fb/lib/../lib64 -L/share/apps/eb3/software/FFTW.MPI/3.3.10-gompi-2022a/lib/../lib64 -L/share/apps/eb3/software/FFTW/3.3.10-GCC-11.3.0/lib/../lib64 -L/share/apps/eb3/software/FlexiBLAS/3.2.0-GCC-11.3.0/lib/../lib64 -L/share/apps/eb3/software/OpenBLAS/0.3.20-GCC-11.3.0/lib/../lib64 -L/share/apps/eb3/software/OpenMPI/4.1.4-GCC-11.3.0/lib/../lib64 -L/share/apps/eb3/software/UCC/1.0.0-GCCcore-11.3.0/lib/../lib64 -L/share/apps/eb3/software/PMIx/4.1.2-GCCcore-11.3.0/lib/../lib64 -L/share/apps/eb3/software/libfabric/1.15.1-GCCcore-11.3.0/lib/../lib64 -L/share/apps/eb3/software/UCX/1.12.1-GCCcore-11.3.0/lib/../lib64 -L/share/apps/eb3/software/libevent/2.1.12-GCCcore-11.3.0/lib/../lib64 -L/share/apps/eb3/software/x86_64/OpenSSL/1.1/lib/../lib64 -L/share/apps/eb3/software/hwloc/2.7.1-GCCcore-11.3.0/lib/../lib64 -L/share/apps/eb3/software/libpciaccess/0.16-GCCcore-11.3.0/lib/../lib64 -L/share/apps/eb3/software/libxml2/2.9.13-GCCcore-11.3.0/lib/../lib64 -L/share/apps/eb3/software/numactl/2.0.14-GCCcore-11.3.0/lib/../lib64 -L/share/apps/eb3/software/binutils/2.38-GCCcore-11.3.0/lib/../lib64 -L/share/apps/eb3/software/GCCcore/12.2.0/lib/gcc/x86_64-pc-linux-gnu/12.2.0 -L/share/apps/eb3/software/GCCcore/12.2.0/lib/gcc/x86_64-pc-linux-gnu/12.2.0/../../../../lib64 -L/lib/../lib64 -L/usr/lib/../lib64 -L/share/apps/eb3/software/libarchive/3.6.1-GCCcore-12.2.0/lib -L/share/apps/eb3/software/XZ/5.2.7-GCCcore-12.2.0/lib -L/share/apps/eb3/software/cURL/7.86.0-GCCcore-12.2.0/lib -L/share/apps/eb3/software/bzip2/1.0.8-GCCcore-12.2.0/lib -L/share/apps/eb3/software/zlib/1.2.12-GCCcore-12.2.0/lib -L/share/apps/eb3/software/ncurses/6.3-GCCcore-12.2.0/lib -L/share/apps/eb3/software/HDF5/1.12.2-gompi-2022a/lib -L/share/apps/eb3/software/Szip/2.1.1-GCCcore-11.3.0/lib -L/share/apps/eb3/software/ScaLAPACK/2.2.0-gompi-2022a-fb/lib -L/share/apps/eb3/software/FFTW.MPI/3.3.10-gompi-2022a/lib -L/share/apps/eb3/software/FFTW/3.3.10-GCC-11.3.0/lib -L/share/apps/eb3/software/FlexiBLAS/3.2.0-GCC-11.3.0/lib -L/share/apps/eb3/software/OpenBLAS/0.3.20-GCC-11.3.0/lib -L/share/apps/eb3/software/OpenMPI/4.1.4-GCC-11.3.0/lib -L/share/apps/eb3/software/UCC/1.0.0-GCCcore-11.3.0/lib -L/share/apps/eb3/software/PMIx/4.1.2-GCCcore-11.3.0/lib -L/share/apps/eb3/software/libfabric/1.15.1-GCCcore-11.3.0/lib -L/share/apps/eb3/software/UCX/1.12.1-GCCcore-11.3.0/lib -L/share/apps/eb3/software/libevent/2.1.12-GCCcore-11.3.0/lib -L/share/apps/eb3/software/x86_64/OpenSSL/1.1/lib -L/share/apps/eb3/software/hwloc/2.7.1-GCCcore-11.3.0/lib -L/share/apps/eb3/software/libpciaccess/0.16-GCCcore-11.3.0/lib -L/share/apps/eb3/software/libxml2/2.9.13-GCCcore-11.3.0/lib -L/share/apps/eb3/software/numactl/2.0.14-GCCcore-11.3.0/lib -L/share/apps/eb3/software/binutils/2.38-GCCcore-11.3.0/lib -L/share/apps/eb3/software/GCCcore/12.2.0/lib/gcc/x86_64-pc-linux-gnu/12.2.0/../../.. CMakeFiles/cmTC_43f07.dir/OpenMPTryFlag.c.o -lgomp -lgcc --push-state --as-needed -lgcc_s --pop-state -lpthread -lc -lgcc --push-state --as-needed -lgcc_s --pop-state /share/apps/eb3/software/GCCcore/12.2.0/lib/gcc/x86_64-pc-linux-gnu/12.2.0/crtend.o /lib/../lib64/crtn.o /share/apps/eb3/software/GCCcore/12.2.0/lib/gcc/x86_64-pc-linux-gnu/12.2.0/crtoffloadend.o
COLLECT_GCC_OPTIONS='-fopenmp' '-v' '-rdynamic' '-o' 'cmTC_43f07' '-v' '-mtune=generic' '-march=x86-64' '-pthread' '-dumpdir' 'cmTC_43f07.'
gmake[1]: Leaving directory '/home/stuhecana/exciton_2b/cbuild/CMakeFiles/CMakeTmp'



Parsed C OpenMP implicit link information from above output:
  link line regex: [^( *|.*[/\])(ld|CMAKE_LINK_STARTFILE-NOTFOUND|([^/\]+-)?ld|collect2)[^/\]*( |$)]
  ignore line: [Change Dir: /home/stuhecana/exciton_2b/cbuild/CMakeFiles/CMakeTmp]
  ignore line: []
  ignore line: [Run Build Command(s):/usr/bin/gmake -f Makefile cmTC_43f07/fast && /usr/bin/gmake  -f CMakeFiles/cmTC_43f07.dir/build.make CMakeFiles/cmTC_43f07.dir/build]
  ignore line: [gmake[1]: Entering directory '/home/stuhecana/exciton_2b/cbuild/CMakeFiles/CMakeTmp']
  ignore line: [Building C object CMakeFiles/cmTC_43f07.dir/OpenMPTryFlag.c.o]
  ignore line: [/share/apps/eb3/software/GCCcore/12.2.0/bin/cc   -fopenmp -v -o CMakeFiles/cmTC_43f07.dir/OpenMPTryFlag.c.o -c /home/stuhecana/exciton_2b/cbuild/CMakeFiles/FindOpenMP/OpenMPTryFlag.c]
  ignore line: [Using built-in specs.]
  ignore line: [COLLECT_GCC=/share/apps/eb3/software/GCCcore/12.2.0/bin/cc]
  ignore line: [OFFLOAD_TARGET_NAMES=nvptx-none]
  ignore line: [Target: x86_64-pc-linux-gnu]
  ignore line: [Configured with: ../configure --enable-languages=c,c++,fortran --without-cuda-driver --enable-offload-targets=nvptx-none --enable-lto --enable-checking=release --disable-multilib --enable-shared=yes --enable-static=yes --enable-threads=posix --enable-plugins --enable-gold --enable-ld=default --prefix=/share/apps/eb3/software/GCCcore/12.2.0 --with-local-prefix=/share/apps/eb3/software/GCCcore/12.2.0 --enable-bootstrap --with-isl=/project/builduser/easybuild/build/GCCcore/12.2.0/system-system/gcc-12.2.0/stage2_stuff --build=x86_64-pc-linux-gnu --host=x86_64-pc-linux-gnu]
  ignore line: [Thread model: posix]
  ignore line: [Supported LTO compression algorithms: zlib]
  ignore line: [gcc version 12.2.0 (GCC) ]
  ignore line: [COLLECT_GCC_OPTIONS='-fopenmp' '-v' '-o' 'CMakeFiles/cmTC_43f07.dir/OpenMPTryFlag.c.o' '-c' '-mtune=generic' '-march=x86-64' '-pthread' '-dumpdir' 'CMakeFiles/cmTC_43f07.dir/']
  ignore line: [ /share/apps/eb3/software/GCCcore/12.2.0/libexec/gcc/x86_64-pc-linux-gnu/12.2.0/cc1 -quiet -v -D_REENTRANT /home/stuhecana/exciton_2b/cbuild/CMakeFiles/FindOpenMP/OpenMPTryFlag.c -quiet -dumpdir CMakeFiles/cmTC_43f07.dir/ -dumpbase OpenMPTryFlag.c.c -dumpbase-ext .c -mtune=generic -march=x86-64 -version -fopenmp -o /tmp/ccAWr1QF.s]
  ignore line: [GNU C17 (GCC) version 12.2.0 (x86_64-pc-linux-gnu)]
  ignore line: [	compiled by GNU C version 12.2.0  GMP version 6.2.1  MPFR version 4.1.0  MPC version 1.2.1  isl version isl-0.24-GMP]
  ignore line: []
  ignore line: [GGC heuristics: --param ggc-min-expand=100 --param ggc-min-heapsize=131072]
  ignore line: [ignoring nonexistent directory "/share/apps/eb3/software/GCCcore/12.2.0/lib/gcc/x86_64-pc-linux-gnu/12.2.0/include-fixed"]
  ignore line: [ignoring nonexistent directory "/share/apps/eb3/software/GCCcore/12.2.0/lib/gcc/x86_64-pc-linux-gnu/12.2.0/../../../../x86_64-pc-linux-gnu/include"]
  ignore line: [#include "..." search starts here:]
  ignore line: [#include <...> search starts here:]
  ignore line: [ /share/apps/eb3/software/libarchive/3.6.1-GCCcore-12.2.0/include]
  ignore line: [ /share/apps/eb3/software/XZ/5.2.7-GCCcore-12.2.0/include]
  ignore line: [ /share/apps/eb3/software/cURL/7.86.0-GCCcore-12.2.0/include]
  ignore line: [ /share/apps/eb3/software/bzip2/1.0.8-GCCcore-12.2.0/include]
  ignore line: [ /share/apps/eb3/software/zlib/1.2.12-GCCcore-12.2.0/include]
  ignore line: [ /share/apps/eb3/software/ncurses/6.3-GCCcore-12.2.0/include]
  ignore line: [ /share/apps/eb3/software/Eigen/3.4.0-GCCcore-12.2.0/include]
  ignore line: [ /share/apps/eb3/software/HDF5/1.12.2-gompi-2022a/include]
  ignore line: [ /share/apps/eb3/software/Szip/2.1.1-GCCcore-11.3.0/include]
  ignore line: [ /share/apps/eb3/software/FFTW.MPI/3.3.10-gompi-2022a/include]
  ignore line: [ /share/apps/eb3/software/FFTW/3.3.10-GCC-11.3.0/include]
  ignore line: [ /share/apps/eb3/software/FlexiBLAS/3.2.0-GCC-11.3.0/include]
  ignore line: [ /share/apps/eb3/software/OpenBLAS/0.3.20-GCC-11.3.0/include]
  ignore line: [ /share/apps/eb3/software/OpenMPI/4.1.4-GCC-11.3.0/include]
  ignore line: [ /share/apps/eb3/software/UCC/1.0.0-GCCcore-11.3.0/include]
  ignore line: [ /share/apps/eb3/software/PMIx/4.1.2-GCCcore-11.3.0/include]
  ignore line: [ /share/apps/eb3/software/libfabric/1.15.1-GCCcore-11.3.0/include]
  ignore line: [ /share/apps/eb3/software/UCX/1.12.1-GCCcore-11.3.0/include]
  ignore line: [ /share/apps/eb3/software/libevent/2.1.12-GCCcore-11.3.0/include]
  ignore line: [ /share/apps/eb3/software/x86_64/OpenSSL/1.1/include]
  ignore line: [ /share/apps/eb3/software/hwloc/2.7.1-GCCcore-11.3.0/include]
  ignore line: [ /share/apps/eb3/software/libpciaccess/0.16-GCCcore-11.3.0/include]
  ignore line: [ /share/apps/eb3/software/libxml2/2.9.13-GCCcore-11.3.0/include/libxml2]
  ignore line: [ /share/apps/eb3/software/libxml2/2.9.13-GCCcore-11.3.0/include]
  ignore line: [ /share/apps/eb3/software/numactl/2.0.14-GCCcore-11.3.0/include]
  ignore line: [ /share/apps/eb3/software/binutils/2.38-GCCcore-11.3.0/include]
  ignore line: [ /share/apps/eb3/software/GCCcore/12.2.0/lib/gcc/x86_64-pc-linux-gnu/12.2.0/include]
  ignore line: [ /share/apps/eb3/software/GCCcore/12.2.0/include]
  ignore line: [ /usr/include]
  ignore line: [End of search list.]
  ignore line: [GNU C17 (GCC) version 12.2.0 (x86_64-pc-linux-gnu)]
  ignore line: [	compiled by GNU C version 12.2.0  GMP version 6.2.1  MPFR version 4.1.0  MPC version 1.2.1  isl version isl-0.24-GMP]
  ignore line: []
  ignore line: [GGC heuristics: --param ggc-min-expand=100 --param ggc-min-heapsize=131072]
  ignore line: [Compiler executable checksum: 52465c9edd0e952d9499b38feaf34663]
  ignore line: [COLLECT_GCC_OPTIONS='-fopenmp' '-v' '-o' 'CMakeFiles/cmTC_43f07.dir/OpenMPTryFlag.c.o' '-c' '-mtune=generic' '-march=x86-64' '-pthread' '-dumpdir' 'CMakeFiles/cmTC_43f07.dir/']
  ignore line: [ as -v --64 -o CMakeFiles/cmTC_43f07.dir/OpenMPTryFlag.c.o /tmp/ccAWr1QF.s]
  ignore line: [GNU assembler version 2.38 (x86_64-pc-linux-gnu) using BFD version (GNU Binutils) 2.38]
  ignore line: [COMPILER_PATH=/share/apps/eb3/software/GCCcore/12.2.0/libexec/gcc/x86_64-pc-linux-gnu/12.2.0/:/share/apps/eb3/software/GCCcore/12.2.0/libexec/gcc/x86_64-pc-linux-gnu/12.2.0/:/share/apps/eb3/software/GCCcore/12.2.0/libexec/gcc/x86_64-pc-linux-gnu/:/share/apps/eb3/software/GCCcore/12.2.0/lib/gcc/x86_64-pc-linux-gnu/12.2.0/:/share/apps/eb3/software/GCCcore/12.2.0/lib/gcc/x86_64-pc-linux-gnu/]
  ignore line: [LIBRARY_PATH=/share/apps/eb3/software/libarchive/3.6.1-GCCcore-12.2.0/lib/../lib64/:/share/apps/eb3/software/XZ/5.2.7-GCCcore-12.2.0/lib/../lib64/:/share/apps/eb3/software/cURL/7.86.0-GCCcore-12.2.0/lib/../lib64/:/share/apps/eb3/software/bzip2/1.0.8-GCCcore-12.2.0/lib/../lib64/:/share/apps/eb3/software/zlib/1.2.12-GCCcore-12.2.0/lib/../lib64/:/share/apps/eb3/software/ncurses/6.3-GCCcore-12.2.0/lib/../lib64/:/share/apps/eb3/software/HDF5/1.12.2-gompi-2022a/lib/../lib64/:/share/apps/eb3/software/Szip/2.1.1-GCCcore-11.3.0/lib/../lib64/:/share/apps/eb3/software/ScaLAPACK/2.2.0-gompi-2022a-fb/lib/../lib64/:/share/apps/eb3/software/FFTW.MPI/3.3.10-gompi-2022a/lib/../lib64/:/share/apps/eb3/software/FFTW/3.3.10-GCC-11.3.0/lib/../lib64/:/share/apps/eb3/software/FlexiBLAS/3.2.0-GCC-11.3.0/lib/../lib64/:/share/apps/eb3/software/OpenBLAS/0.3.20-GCC-11.3.0/lib/../lib64/:/share/apps/eb3/software/OpenMPI/4.1.4-GCC-11.3.0/lib/../lib64/:/share/apps/eb3/software/UCC/1.0.0-GCCcore-11.3.0/lib/../lib64/:/share/apps/eb3/software/PMIx/4.1.2-GCCcore-11.3.0/lib/../lib64/:/share/apps/eb3/software/libfabric/1.15.1-GCCcore-11.3.0/lib/../lib64/:/share/apps/eb3/software/UCX/1.12.1-GCCcore-11.3.0/lib/../lib64/:/share/apps/eb3/software/libevent/2.1.12-GCCcore-11.3.0/lib/../lib64/:/share/apps/eb3/software/x86_64/OpenSSL/1.1/lib/../lib64/:/share/apps/eb3/software/hwloc/2.7.1-GCCcore-11.3.0/lib/../lib64/:/share/apps/eb3/software/libpciaccess/0.16-GCCcore-11.3.0/lib/../lib64/:/share/apps/eb3/software/libxml2/2.9.13-GCCcore-11.3.0/lib/../lib64/:/share/apps/eb3/software/numactl/2.0.14-GCCcore-11.3.0/lib/../lib64/:/share/apps/eb3/software/binutils/2.38-GCCcore-11.3.0/lib/../lib64/:/share/apps/eb3/software/GCCcore/12.2.0/lib/gcc/x86_64-pc-linux-gnu/12.2.0/:/share/apps/eb3/software/GCCcore/12.2.0/lib/gcc/x86_64-pc-linux-gnu/12.2.0/../../../../lib64/:/lib/../lib64/:/usr/lib/../lib64/:/share/apps/eb3/software/libarchive/3.6.1-GCCcore-12.2.0/lib/:/share/apps/eb3/software/XZ/5.2.7-GCCcore-12.2.0/lib/:/share/apps/eb3/software/cURL/7.86.0-GCCcore-12.2.0/lib/:/share/apps/eb3/software/bzip2/1.0.8-GCCcore-12.2.0/lib/:/share/apps/eb3/software/zlib/1.2.12-GCCcore-12.2.0/lib/:/share/apps/eb3/software/ncurses/6.3-GCCcore-12.2.0/lib/:/share/apps/eb3/software/HDF5/1.12.2-gompi-2022a/lib/:/share/apps/eb3/software/Szip/2.1.1-GCCcore-11.3.0/lib/:/share/apps/eb3/software/ScaLAPACK/2.2.0-gompi-2022a-fb/lib/:/share/apps/eb3/software/FFTW.MPI/3.3.10-gompi-2022a/lib/:/share/apps/eb3/software/FFTW/3.3.10-GCC-11.3.0/lib/:/share/apps/eb3/software/FlexiBLAS/3.2.0-GCC-11.3.0/lib/:/share/apps/eb3/software/OpenBLAS/0.3.20-GCC-11.3.0/lib/:/share/apps/eb3/software/OpenMPI/4.1.4-GCC-11.3.0/lib/:/share/apps/eb3/software/UCC/1.0.0-GCCcore-11.3.0/lib/:/share/apps/eb3/software/PMIx/4.1.2-GCCcore-11.3.0/lib/:/share/apps/eb3/software/libfabric/1.15.1-GCCcore-11.3.0/lib/:/share/apps/eb3/software/UCX/1.12.1-GCCcore-11.3.0/lib/:/share/apps/eb3/software/libevent/2.1.12-GCCcore-11.3.0/lib/:/share/apps/eb3/software/x86_64/OpenSSL/1.1/lib/:/share/apps/eb3/software/hwloc/2.7.1-GCCcore-11.3.0/lib/:/share/apps/eb3/software/libpciaccess/0.16-GCCcore-11.3.0/lib/:/share/apps/eb3/software/libxml2/2.9.13-GCCcore-11.3.0/lib/:/share/apps/eb3/software/numactl/2.0.14-GCCcore-11.3.0/lib/:/share/apps/eb3/software/binutils/2.38-GCCcore-11.3.0/lib/:/share/apps/eb3/software/GCCcore/12.2.0/lib/gcc/x86_64-pc-linux-gnu/12.2.0/../../../:/lib/:/usr/lib/]
  ignore line: [COLLECT_GCC_OPTIONS='-fopenmp' '-v' '-o' 'CMakeFiles/cmTC_43f07.dir/OpenMPTryFlag.c.o' '-c' '-mtune=generic' '-march=x86-64' '-pthread' '-dumpdir' 'CMakeFiles/cmTC_43f07.dir/OpenMPTryFlag.c.']
  ignore line: [Linking C executable cmTC_43f07]
  ignore line: [/share/apps/eb3/software/CMake/3.24.3-GCCcore-12.2.0/bin/cmake -E cmake_link_script CMakeFiles/cmTC_43f07.dir/link.txt --verbose=1]
  ignore line: [/share/apps/eb3/software/GCCcore/12.2.0/bin/cc  -fopenmp -v -rdynamic CMakeFiles/cmTC_43f07.dir/OpenMPTryFlag.c.o -o cmTC_43f07  -v ]
  ignore line: [Using built-in specs.]
  ignore line: [COLLECT_GCC=/share/apps/eb3/software/GCCcore/12.2.0/bin/cc]
  ignore line: [COLLECT_LTO_WRAPPER=/share/apps/eb3/software/GCCcore/12.2.0/libexec/gcc/x86_64-pc-linux-gnu/12.2.0/lto-wrapper]
  ignore line: [OFFLOAD_TARGET_NAMES=nvptx-none]
  ignore line: [Target: x86_64-pc-linux-gnu]
  ignore line: [Configured with: ../configure --enable-languages=c,c++,fortran --without-cuda-driver --enable-offload-targets=nvptx-none --enable-lto --enable-checking=release --disable-multilib --enable-shared=yes --enable-static=yes --enable-threads=posix --enable-plugins --enable-gold --enable-ld=default --prefix=/share/apps/eb3/software/GCCcore/12.2.0 --with-local-prefix=/share/apps/eb3/software/GCCcore/12.2.0 --enable-bootstrap --with-isl=/project/builduser/easybuild/build/GCCcore/12.2.0/system-system/gcc-12.2.0/stage2_stuff --build=x86_64-pc-linux-gnu --host=x86_64-pc-linux-gnu]
  ignore line: [Thread model: posix]
  ignore line: [Supported LTO compression algorithms: zlib]
  ignore line: [gcc version 12.2.0 (GCC) ]
  ignore line: [COMPILER_PATH=/share/apps/eb3/software/GCCcore/12.2.0/libexec/gcc/x86_64-pc-linux-gnu/12.2.0/:/share/apps/eb3/software/GCCcore/12.2.0/libexec/gcc/x86_64-pc-linux-gnu/12.2.0/:/share/apps/eb3/software/GCCcore/12.2.0/libexec/gcc/x86_64-pc-linux-gnu/:/share/apps/eb3/software/GCCcore/12.2.0/lib/gcc/x86_64-pc-linux-gnu/12.2.0/:/share/apps/eb3/software/GCCcore/12.2.0/lib/gcc/x86_64-pc-linux-gnu/]
  ignore line: [LIBRARY_PATH=/share/apps/eb3/software/libarchive/3.6.1-GCCcore-12.2.0/lib/../lib64/:/share/apps/eb3/software/XZ/5.2.7-GCCcore-12.2.0/lib/../lib64/:/share/apps/eb3/software/cURL/7.86.0-GCCcore-12.2.0/lib/../lib64/:/share/apps/eb3/software/bzip2/1.0.8-GCCcore-12.2.0/lib/../lib64/:/share/apps/eb3/software/zlib/1.2.12-GCCcore-12.2.0/lib/../lib64/:/share/apps/eb3/software/ncurses/6.3-GCCcore-12.2.0/lib/../lib64/:/share/apps/eb3/software/HDF5/1.12.2-gompi-2022a/lib/../lib64/:/share/apps/eb3/software/Szip/2.1.1-GCCcore-11.3.0/lib/../lib64/:/share/apps/eb3/software/ScaLAPACK/2.2.0-gompi-2022a-fb/lib/../lib64/:/share/apps/eb3/software/FFTW.MPI/3.3.10-gompi-2022a/lib/../lib64/:/share/apps/eb3/software/FFTW/3.3.10-GCC-11.3.0/lib/../lib64/:/share/apps/eb3/software/FlexiBLAS/3.2.0-GCC-11.3.0/lib/../lib64/:/share/apps/eb3/software/OpenBLAS/0.3.20-GCC-11.3.0/lib/../lib64/:/share/apps/eb3/software/OpenMPI/4.1.4-GCC-11.3.0/lib/../lib64/:/share/apps/eb3/software/UCC/1.0.0-GCCcore-11.3.0/lib/../lib64/:/share/apps/eb3/software/PMIx/4.1.2-GCCcore-11.3.0/lib/../lib64/:/share/apps/eb3/software/libfabric/1.15.1-GCCcore-11.3.0/lib/../lib64/:/share/apps/eb3/software/UCX/1.12.1-GCCcore-11.3.0/lib/../lib64/:/share/apps/eb3/software/libevent/2.1.12-GCCcore-11.3.0/lib/../lib64/:/share/apps/eb3/software/x86_64/OpenSSL/1.1/lib/../lib64/:/share/apps/eb3/software/hwloc/2.7.1-GCCcore-11.3.0/lib/../lib64/:/share/apps/eb3/software/libpciaccess/0.16-GCCcore-11.3.0/lib/../lib64/:/share/apps/eb3/software/libxml2/2.9.13-GCCcore-11.3.0/lib/../lib64/:/share/apps/eb3/software/numactl/2.0.14-GCCcore-11.3.0/lib/../lib64/:/share/apps/eb3/software/binutils/2.38-GCCcore-11.3.0/lib/../lib64/:/share/apps/eb3/software/GCCcore/12.2.0/lib/gcc/x86_64-pc-linux-gnu/12.2.0/:/share/apps/eb3/software/GCCcore/12.2.0/lib/gcc/x86_64-pc-linux-gnu/12.2.0/../../../../lib64/:/lib/../lib64/:/usr/lib/../lib64/:/share/apps/eb3/software/libarchive/3.6.1-GCCcore-12.2.0/lib/:/share/apps/eb3/software/XZ/5.2.7-GCCcore-12.2.0/lib/:/share/apps/eb3/software/cURL/7.86.0-GCCcore-12.2.0/lib/:/share/apps/eb3/software/bzip2/1.0.8-GCCcore-12.2.0/lib/:/share/apps/eb3/software/zlib/1.2.12-GCCcore-12.2.0/lib/:/share/apps/eb3/software/ncurses/6.3-GCCcore-12.2.0/lib/:/share/apps/eb3/software/HDF5/1.12.2-gompi-2022a/lib/:/share/apps/eb3/software/Szip/2.1.1-GCCcore-11.3.0/lib/:/share/apps/eb3/software/ScaLAPACK/2.2.0-gompi-2022a-fb/lib/:/share/apps/eb3/software/FFTW.MPI/3.3.10-gompi-2022a/lib/:/share/apps/eb3/software/FFTW/3.3.10-GCC-11.3.0/lib/:/share/apps/eb3/software/FlexiBLAS/3.2.0-GCC-11.3.0/lib/:/share/apps/eb3/software/OpenBLAS/0.3.20-GCC-11.3.0/lib/:/share/apps/eb3/software/OpenMPI/4.1.4-GCC-11.3.0/lib/:/share/apps/eb3/software/UCC/1.0.0-GCCcore-11.3.0/lib/:/share/apps/eb3/software/PMIx/4.1.2-GCCcore-11.3.0/lib/:/share/apps/eb3/software/libfabric/1.15.1-GCCcore-11.3.0/lib/:/share/apps/eb3/software/UCX/1.12.1-GCCcore-11.3.0/lib/:/share/apps/eb3/software/libevent/2.1.12-GCCcore-11.3.0/lib/:/share/apps/eb3/software/x86_64/OpenSSL/1.1/lib/:/share/apps/eb3/software/hwloc/2.7.1-GCCcore-11.3.0/lib/:/share/apps/eb3/software/libpciaccess/0.16-GCCcore-11.3.0/lib/:/share/apps/eb3/software/libxml2/2.9.13-GCCcore-11.3.0/lib/:/share/apps/eb3/software/numactl/2.0.14-GCCcore-11.3.0/lib/:/share/apps/eb3/software/binutils/2.38-GCCcore-11.3.0/lib/:/share/apps/eb3/software/GCCcore/12.2.0/lib/gcc/x86_64-pc-linux-gnu/12.2.0/../../../:/lib/:/usr/lib/]
  ignore line: [Reading specs from /share/apps/eb3/software/GCCcore/12.2.0/lib/gcc/x86_64-pc-linux-gnu/12.2.0/../../../../lib64/libgomp.spec]
  ignore line: [COLLECT_GCC_OPTIONS='-fopenmp' '-v' '-rdynamic' '-o' 'cmTC_43f07' '-v' '-mtune=generic' '-march=x86-64' '-pthread' '-dumpdir' 'cmTC_43f07.']
  link line: [ /share/apps/eb3/software/GCCcore/12.2.0/libexec/gcc/x86_64-pc-linux-gnu/12.2.0/collect2 -plugin /share/apps/eb3/software/GCCcore/12.2.0/libexec/gcc/x86_64-pc-linux-gnu/12.2.0/liblto_plugin.so -plugin-opt=/share/apps/eb3/software/GCCcore/12.2.0/libexec/gcc/x86_64-pc-linux-gnu/12.2.0/lto-wrapper -plugin-opt=-fresolution=/tmp/ccg6kmQR.res -plugin-opt=-pass-through=-lgcc -plugin-opt=-pass-through=-lgcc_s -plugin-opt=-pass-through=-lpthread -plugin-opt=-pass-through=-lc -plugin-opt=-pass-through=-lgcc -plugin-opt=-pass-through=-lgcc_s --eh-frame-hdr -m elf_x86_64 -export-dynamic -dynamic-linker /lib64/ld-linux-x86-64.so.2 -o cmTC_43f07 /lib/../lib64/crt1.o /lib/../lib64/crti.o /share/apps/eb3/software/GCCcore/12.2.0/lib/gcc/x86_64-pc-linux-gnu/12.2.0/crtbegin.o /share/apps/eb3/software/GCCcore/12.2.0/lib/gcc/x86_64-pc-linux-gnu/12.2.0/crtoffloadbegin.o -L/share/apps/eb3/software/libarchive/3.6.1-GCCcore-12.2.0/lib/../lib64 -L/share/apps/eb3/software/XZ/5.2.7-GCCcore-12.2.0/lib/../lib64 -L/share/apps/eb3/software/cURL/7.86.0-GCCcore-12.2.0/lib/../lib64 -L/share/apps/eb3/software/bzip2/1.0.8-GCCcore-12.2.0/lib/../lib64 -L/share/apps/eb3/software/zlib/1.2.12-GCCcore-12.2.0/lib/../lib64 -L/share/apps/eb3/software/ncurses/6.3-GCCcore-12.2.0/lib/../lib64 -L/share/apps/eb3/software/HDF5/1.12.2-gompi-2022a/lib/../lib64 -L/share/apps/eb3/software/Szip/2.1.1-GCCcore-11.3.0/lib/../lib64 -L/share/apps/eb3/software/ScaLAPACK/2.2.0-gompi-2022a-fb/lib/../lib64 -L/share/apps/eb3/software/FFTW.MPI/3.3.10-gompi-2022a/lib/../lib64 -L/share/apps/eb3/software/FFTW/3.3.10-GCC-11.3.0/lib/../lib64 -L/share/apps/eb3/software/FlexiBLAS/3.2.0-GCC-11.3.0/lib/../lib64 -L/share/apps/eb3/software/OpenBLAS/0.3.20-GCC-11.3.0/lib/../lib64 -L/share/apps/eb3/software/OpenMPI/4.1.4-GCC-11.3.0/lib/../lib64 -L/share/apps/eb3/software/UCC/1.0.0-GCCcore-11.3.0/lib/../lib64 -L/share/apps/eb3/software/PMIx/4.1.2-GCCcore-11.3.0/lib/../lib64 -L/share/apps/eb3/software/libfabric/1.15.1-GCCcore-11.3.0/lib/../lib64 -L/share/apps/eb3/software/UCX/1.12.1-GCCcore-11.3.0/lib/../lib64 -L/share/apps/eb3/software/libevent/2.1.12-GCCcore-11.3.0/lib/../lib64 -L/share/apps/eb3/software/x86_64/OpenSSL/1.1/lib/../lib64 -L/share/apps/eb3/software/hwloc/2.7.1-GCCcore-11.3.0/lib/../lib64 -L/share/apps/eb3/software/libpciaccess/0.16-GCCcore-11.3.0/lib/../lib64 -L/share/apps/eb3/software/libxml2/2.9.13-GCCcore-11.3.0/lib/../lib64 -L/share/apps/eb3/software/numactl/2.0.14-GCCcore-11.3.0/lib/../lib64 -L/share/apps/eb3/software/binutils/2.38-GCCcore-11.3.0/lib/../lib64 -L/share/apps/eb3/software/GCCcore/12.2.0/lib/gcc/x86_64-pc-linux-gnu/12.2.0 -L/share/apps/eb3/software/GCCcore/12.2.0/lib/gcc/x86_64-pc-linux-gnu/12.2.0/../../../../lib64 -L/lib/../lib64 -L/usr/lib/../lib64 -L/share/apps/eb3/software/libarchive/3.6.1-GCCcore-12.2.0/lib -L/share/apps/eb3/software/XZ/5.2.7-GCCcore-12.2.0/lib -L/share/apps/eb3/software/cURL/7.86.0-GCCcore-12.2.0/lib -L/share/apps/eb3/software/bzip2/1.0.8-GCCcore-12.2.0/lib -L/share/apps/eb3/software/zlib/1.2.12-GCCcore-12.2.0/lib -L/share/apps/eb3/software/ncurses/6.3-GCCcore-12.2.0/lib -L/share/apps/eb3/software/HDF5/1.12.2-gompi-2022a/lib -L/share/apps/eb3/software/Szip/2.1.1-GCCcore-11.3.0/lib -L/share/apps/eb3/software/ScaLAPACK/2.2.0-gompi-2022a-fb/lib -L/share/apps/eb3/software/FFTW.MPI/3.3.10-gompi-2022a/lib -L/share/apps/eb3/software/FFTW/3.3.10-GCC-11.3.0/lib -L/share/apps/eb3/software/FlexiBLAS/3.2.0-GCC-11.3.0/lib -L/share/apps/eb3/software/OpenBLAS/0.3.20-GCC-11.3.0/lib -L/share/apps/eb3/software/OpenMPI/4.1.4-GCC-11.3.0/lib -L/share/apps/eb3/software/UCC/1.0.0-GCCcore-11.3.0/lib -L/share/apps/eb3/software/PMIx/4.1.2-GCCcore-11.3.0/lib -L/share/apps/eb3/software/libfabric/1.15.1-GCCcore-11.3.0/lib -L/share/apps/eb3/software/UCX/1.12.1-GCCcore-11.3.0/lib -L/share/apps/eb3/software/libevent/2.1.12-GCCcore-11.3.0/lib -L/share/apps/eb3/software/x86_64/OpenSSL/1.1/lib -L/share/apps/eb3/software/hwloc/2.7.1-GCCcore-11.3.0/lib -L/share/apps/eb3/software/libpciaccess/0.16-GCCcore-11.3.0/lib -L/share/apps/eb3/software/libxml2/2.9.13-GCCcore-11.3.0/lib -L/share/apps/eb3/software/numactl/2.0.14-GCCcore-11.3.0/lib -L/share/apps/eb3/software/binutils/2.38-GCCcore-11.3.0/lib -L/share/apps/eb3/software/GCCcore/12.2.0/lib/gcc/x86_64-pc-linux-gnu/12.2.0/../../.. CMakeFiles/cmTC_43f07.dir/OpenMPTryFlag.c.o -lgomp -lgcc --push-state --as-needed -lgcc_s --pop-state -lpthread -lc -lgcc --push-state --as-needed -lgcc_s --pop-state /share/apps/eb3/software/GCCcore/12.2.0/lib/gcc/x86_64-pc-linux-gnu/12.2.0/crtend.o /lib/../lib64/crtn.o /share/apps/eb3/software/GCCcore/12.2.0/lib/gcc/x86_64-pc-linux-gnu/12.2.0/crtoffloadend.o]
    arg [/share/apps/eb3/software/GCCcore/12.2.0/libexec/gcc/x86_64-pc-linux-gnu/12.2.0/collect2] ==> ignore
    arg [-plugin] ==> ignore
    arg [/share/apps/eb3/software/GCCcore/12.2.0/libexec/gcc/x86_64-pc-linux-gnu/12.2.0/liblto_plugin.so] ==> ignore
    arg [-plugin-opt=/share/apps/eb3/software/GCCcore/12.2.0/libexec/gcc/x86_64-pc-linux-gnu/12.2.0/lto-wrapper] ==> ignore
    arg [-plugin-opt=-fresolution=/tmp/ccg6kmQR.res] ==> ignore
    arg [-plugin-opt=-pass-through=-lgcc] ==> ignore
    arg [-plugin-opt=-pass-through=-lgcc_s] ==> ignore
    arg [-plugin-opt=-pass-through=-lpthread] ==> ignore
    arg [-plugin-opt=-pass-through=-lc] ==> ignore
    arg [-plugin-opt=-pass-through=-lgcc] ==> ignore
    arg [-plugin-opt=-pass-through=-lgcc_s] ==> ignore
    arg [--eh-frame-hdr] ==> ignore
    arg [-m] ==> ignore
    arg [elf_x86_64] ==> ignore
    arg [-export-dynamic] ==> ignore
    arg [-dynamic-linker] ==> ignore
    arg [/lib64/ld-linux-x86-64.so.2] ==> ignore
    arg [-o] ==> ignore
    arg [cmTC_43f07] ==> ignore
    arg [-L/share/apps/eb3/software/libarchive/3.6.1-GCCcore-12.2.0/lib/../lib64] ==> dir [/share/apps/eb3/software/libarchive/3.6.1-GCCcore-12.2.0/lib/../lib64]
    arg [-L/share/apps/eb3/software/XZ/5.2.7-GCCcore-12.2.0/lib/../lib64] ==> dir [/share/apps/eb3/software/XZ/5.2.7-GCCcore-12.2.0/lib/../lib64]
    arg [-L/share/apps/eb3/software/cURL/7.86.0-GCCcore-12.2.0/lib/../lib64] ==> dir [/share/apps/eb3/software/cURL/7.86.0-GCCcore-12.2.0/lib/../lib64]
    arg [-L/share/apps/eb3/software/bzip2/1.0.8-GCCcore-12.2.0/lib/../lib64] ==> dir [/share/apps/eb3/software/bzip2/1.0.8-GCCcore-12.2.0/lib/../lib64]
    arg [-L/share/apps/eb3/software/zlib/1.2.12-GCCcore-12.2.0/lib/../lib64] ==> dir [/share/apps/eb3/software/zlib/1.2.12-GCCcore-12.2.0/lib/../lib64]
    arg [-L/share/apps/eb3/software/ncurses/6.3-GCCcore-12.2.0/lib/../lib64] ==> dir [/share/apps/eb3/software/ncurses/6.3-GCCcore-12.2.0/lib/../lib64]
    arg [-L/share/apps/eb3/software/HDF5/1.12.2-gompi-2022a/lib/../lib64] ==> dir [/share/apps/eb3/software/HDF5/1.12.2-gompi-2022a/lib/../lib64]
    arg [-L/share/apps/eb3/software/Szip/2.1.1-GCCcore-11.3.0/lib/../lib64] ==> dir [/share/apps/eb3/software/Szip/2.1.1-GCCcore-11.3.0/lib/../lib64]
    arg [-L/share/apps/eb3/software/ScaLAPACK/2.2.0-gompi-2022a-fb/lib/../lib64] ==> dir [/share/apps/eb3/software/ScaLAPACK/2.2.0-gompi-2022a-fb/lib/../lib64]
    arg [-L/share/apps/eb3/software/FFTW.MPI/3.3.10-gompi-2022a/lib/../lib64] ==> dir [/share/apps/eb3/software/FFTW.MPI/3.3.10-gompi-2022a/lib/../lib64]
    arg [-L/share/apps/eb3/software/FFTW/3.3.10-GCC-11.3.0/lib/../lib64] ==> dir [/share/apps/eb3/software/FFTW/3.3.10-GCC-11.3.0/lib/../lib64]
    arg [-L/share/apps/eb3/software/FlexiBLAS/3.2.0-GCC-11.3.0/lib/../lib64] ==> dir [/share/apps/eb3/software/FlexiBLAS/3.2.0-GCC-11.3.0/lib/../lib64]
    arg [-L/share/apps/eb3/software/OpenBLAS/0.3.20-GCC-11.3.0/lib/../lib64] ==> dir [/share/apps/eb3/software/OpenBLAS/0.3.20-GCC-11.3.0/lib/../lib64]
    arg [-L/share/apps/eb3/software/OpenMPI/4.1.4-GCC-11.3.0/lib/../lib64] ==> dir [/share/apps/eb3/software/OpenMPI/4.1.4-GCC-11.3.0/lib/../lib64]
    arg [-L/share/apps/eb3/software/UCC/1.0.0-GCCcore-11.3.0/lib/../lib64] ==> dir [/share/apps/eb3/software/UCC/1.0.0-GCCcore-11.3.0/lib/../lib64]
    arg [-L/share/apps/eb3/software/PMIx/4.1.2-GCCcore-11.3.0/lib/../lib64] ==> dir [/share/apps/eb3/software/PMIx/4.1.2-GCCcore-11.3.0/lib/../lib64]
    arg [-L/share/apps/eb3/software/libfabric/1.15.1-GCCcore-11.3.0/lib/../lib64] ==> dir [/share/apps/eb3/software/libfabric/1.15.1-GCCcore-11.3.0/lib/../lib64]
    arg [-L/share/apps/eb3/software/UCX/1.12.1-GCCcore-11.3.0/lib/../lib64] ==> dir [/share/apps/eb3/software/UCX/1.12.1-GCCcore-11.3.0/lib/../lib64]
    arg [-L/share/apps/eb3/software/libevent/2.1.12-GCCcore-11.3.0/lib/../lib64] ==> dir [/share/apps/eb3/software/libevent/2.1.12-GCCcore-11.3.0/lib/../lib64]
    arg [-L/share/apps/eb3/software/x86_64/OpenSSL/1.1/lib/../lib64] ==> dir [/share/apps/eb3/software/x86_64/OpenSSL/1.1/lib/../lib64]
    arg [-L/share/apps/eb3/software/hwloc/2.7.1-GCCcore-11.3.0/lib/../lib64] ==> dir [/share/apps/eb3/software/hwloc/2.7.1-GCCcore-11.3.0/lib/../lib64]
    arg [-L/share/apps/eb3/software/libpciaccess/0.16-GCCcore-11.3.0/lib/../lib64] ==> dir [/share/apps/eb3/software/libpciaccess/0.16-GCCcore-11.3.0/lib/../lib64]
    arg [-L/share/apps/eb3/software/libxml2/2.9.13-GCCcore-11.3.0/lib/../lib64] ==> dir [/share/apps/eb3/software/libxml2/2.9.13-GCCcore-11.3.0/lib/../lib64]
    arg [-L/share/apps/eb3/software/numactl/2.0.14-GCCcore-11.3.0/lib/../lib64] ==> dir [/share/apps/eb3/software/numactl/2.0.14-GCCcore-11.3.0/lib/../lib64]
    arg [-L/share/apps/eb3/software/binutils/2.38-GCCcore-11.3.0/lib/../lib64] ==> dir [/share/apps/eb3/software/binutils/2.38-GCCcore-11.3.0/lib/../lib64]
    arg [-L/share/apps/eb3/software/GCCcore/12.2.0/lib/gcc/x86_64-pc-linux-gnu/12.2.0] ==> dir [/share/apps/eb3/software/GCCcore/12.2.0/lib/gcc/x86_64-pc-linux-gnu/12.2.0]
    arg [-L/share/apps/eb3/software/GCCcore/12.2.0/lib/gcc/x86_64-pc-linux-gnu/12.2.0/../../../../lib64] ==> dir [/share/apps/eb3/software/GCCcore/12.2.0/lib/gcc/x86_64-pc-linux-gnu/12.2.0/../../../../lib64]
    arg [-L/lib/../lib64] ==> dir [/lib/../lib64]
    arg [-L/usr/lib/../lib64] ==> dir [/usr/lib/../lib64]
    arg [-L/share/apps/eb3/software/libarchive/3.6.1-GCCcore-12.2.0/lib] ==> dir [/share/apps/eb3/software/libarchive/3.6.1-GCCcore-12.2.0/lib]
    arg [-L/share/apps/eb3/software/XZ/5.2.7-GCCcore-12.2.0/lib] ==> dir [/share/apps/eb3/software/XZ/5.2.7-GCCcore-12.2.0/lib]
    arg [-L/share/apps/eb3/software/cURL/7.86.0-GCCcore-12.2.0/lib] ==> dir [/share/apps/eb3/software/cURL/7.86.0-GCCcore-12.2.0/lib]
    arg [-L/share/apps/eb3/software/bzip2/1.0.8-GCCcore-12.2.0/lib] ==> dir [/share/apps/eb3/software/bzip2/1.0.8-GCCcore-12.2.0/lib]
    arg [-L/share/apps/eb3/software/zlib/1.2.12-GCCcore-12.2.0/lib] ==> dir [/share/apps/eb3/software/zlib/1.2.12-GCCcore-12.2.0/lib]
    arg [-L/share/apps/eb3/software/ncurses/6.3-GCCcore-12.2.0/lib] ==> dir [/share/apps/eb3/software/ncurses/6.3-GCCcore-12.2.0/lib]
    arg [-L/share/apps/eb3/software/HDF5/1.12.2-gompi-2022a/lib] ==> dir [/share/apps/eb3/software/HDF5/1.12.2-gompi-2022a/lib]
    arg [-L/share/apps/eb3/software/Szip/2.1.1-GCCcore-11.3.0/lib] ==> dir [/share/apps/eb3/software/Szip/2.1.1-GCCcore-11.3.0/lib]
    arg [-L/share/apps/eb3/software/ScaLAPACK/2.2.0-gompi-2022a-fb/lib] ==> dir [/share/apps/eb3/software/ScaLAPACK/2.2.0-gompi-2022a-fb/lib]
    arg [-L/share/apps/eb3/software/FFTW.MPI/3.3.10-gompi-2022a/lib] ==> dir [/share/apps/eb3/software/FFTW.MPI/3.3.10-gompi-2022a/lib]
    arg [-L/share/apps/eb3/software/FFTW/3.3.10-GCC-11.3.0/lib] ==> dir [/share/apps/eb3/software/FFTW/3.3.10-GCC-11.3.0/lib]
    arg [-L/share/apps/eb3/software/FlexiBLAS/3.2.0-GCC-11.3.0/lib] ==> dir [/share/apps/eb3/software/FlexiBLAS/3.2.0-GCC-11.3.0/lib]
    arg [-L/share/apps/eb3/software/OpenBLAS/0.3.20-GCC-11.3.0/lib] ==> dir [/share/apps/eb3/software/OpenBLAS/0.3.20-GCC-11.3.0/lib]
    arg [-L/share/apps/eb3/software/OpenMPI/4.1.4-GCC-11.3.0/lib] ==> dir [/share/apps/eb3/software/OpenMPI/4.1.4-GCC-11.3.0/lib]
    arg [-L/share/apps/eb3/software/UCC/1.0.0-GCCcore-11.3.0/lib] ==> dir [/share/apps/eb3/software/UCC/1.0.0-GCCcore-11.3.0/lib]
    arg [-L/share/apps/eb3/software/PMIx/4.1.2-GCCcore-11.3.0/lib] ==> dir [/share/apps/eb3/software/PMIx/4.1.2-GCCcore-11.3.0/lib]
    arg [-L/share/apps/eb3/software/libfabric/1.15.1-GCCcore-11.3.0/lib] ==> dir [/share/apps/eb3/software/libfabric/1.15.1-GCCcore-11.3.0/lib]
    arg [-L/share/apps/eb3/software/UCX/1.12.1-GCCcore-11.3.0/lib] ==> dir [/share/apps/eb3/software/UCX/1.12.1-GCCcore-11.3.0/lib]
    arg [-L/share/apps/eb3/software/libevent/2.1.12-GCCcore-11.3.0/lib] ==> dir [/share/apps/eb3/software/libevent/2.1.12-GCCcore-11.3.0/lib]
    arg [-L/share/apps/eb3/software/x86_64/OpenSSL/1.1/lib] ==> dir [/share/apps/eb3/software/x86_64/OpenSSL/1.1/lib]
    arg [-L/share/apps/eb3/software/hwloc/2.7.1-GCCcore-11.3.0/lib] ==> dir [/share/apps/eb3/software/hwloc/2.7.1-GCCcore-11.3.0/lib]
    arg [-L/share/apps/eb3/software/libpciaccess/0.16-GCCcore-11.3.0/lib] ==> dir [/share/apps/eb3/software/libpciaccess/0.16-GCCcore-11.3.0/lib]
    arg [-L/share/apps/eb3/software/libxml2/2.9.13-GCCcore-11.3.0/lib] ==> dir [/share/apps/eb3/software/libxml2/2.9.13-GCCcore-11.3.0/lib]
    arg [-L/share/apps/eb3/software/numactl/2.0.14-GCCcore-11.3.0/lib] ==> dir [/share/apps/eb3/software/numactl/2.0.14-GCCcore-11.3.0/lib]
    arg [-L/share/apps/eb3/software/binutils/2.38-GCCcore-11.3.0/lib] ==> dir [/share/apps/eb3/software/binutils/2.38-GCCcore-11.3.0/lib]
    arg [-L/share/apps/eb3/software/GCCcore/12.2.0/lib/gcc/x86_64-pc-linux-gnu/12.2.0/../../..] ==> dir [/share/apps/eb3/software/GCCcore/12.2.0/lib/gcc/x86_64-pc-linux-gnu/12.2.0/../../..]
    arg [CMakeFiles/cmTC_43f07.dir/OpenMPTryFlag.c.o] ==> ignore
    arg [-lgomp] ==> lib [gomp]
    arg [-lgcc] ==> lib [gcc]
    arg [--push-state] ==> ignore
    arg [--as-needed] ==> ignore
    arg [-lgcc_s] ==> lib [gcc_s]
    arg [--pop-state] ==> ignore
    arg [-lpthread] ==> lib [pthread]
    arg [-lc] ==> lib [c]
    arg [-lgcc] ==> lib [gcc]
    arg [--push-state] ==> ignore
    arg [--as-needed] ==> ignore
    arg [-lgcc_s] ==> lib [gcc_s]
    arg [--pop-state] ==> ignore
  collapse library dir [/share/apps/eb3/software/libarchive/3.6.1-GCCcore-12.2.0/lib/../lib64] ==> [/share/apps/eb3/software/libarchive/3.6.1-GCCcore-12.2.0/lib64]
  collapse library dir [/share/apps/eb3/software/XZ/5.2.7-GCCcore-12.2.0/lib/../lib64] ==> [/share/apps/eb3/software/XZ/5.2.7-GCCcore-12.2.0/lib64]
  collapse library dir [/share/apps/eb3/software/cURL/7.86.0-GCCcore-12.2.0/lib/../lib64] ==> [/share/apps/eb3/software/cURL/7.86.0-GCCcore-12.2.0/lib64]
  collapse library dir [/share/apps/eb3/software/bzip2/1.0.8-GCCcore-12.2.0/lib/../lib64] ==> [/share/apps/eb3/software/bzip2/1.0.8-GCCcore-12.2.0/lib64]
  collapse library dir [/share/apps/eb3/software/zlib/1.2.12-GCCcore-12.2.0/lib/../lib64] ==> [/share/apps/eb3/software/zlib/1.2.12-GCCcore-12.2.0/lib64]
  collapse library dir [/share/apps/eb3/software/ncurses/6.3-GCCcore-12.2.0/lib/../lib64] ==> [/share/apps/eb3/software/ncurses/6.3-GCCcore-12.2.0/lib64]
  collapse library dir [/share/apps/eb3/software/HDF5/1.12.2-gompi-2022a/lib/../lib64] ==> [/share/apps/eb3/software/HDF5/1.12.2-gompi-2022a/lib64]
  collapse library dir [/share/apps/eb3/software/Szip/2.1.1-GCCcore-11.3.0/lib/../lib64] ==> [/share/apps/eb3/software/Szip/2.1.1-GCCcore-11.3.0/lib64]
  collapse library dir [/share/apps/eb3/software/ScaLAPACK/2.2.0-gompi-2022a-fb/lib/../lib64] ==> [/share/apps/eb3/software/ScaLAPACK/2.2.0-gompi-2022a-fb/lib64]
  collapse library dir [/share/apps/eb3/software/FFTW.MPI/3.3.10-gompi-2022a/lib/../lib64] ==> [/share/apps/eb3/software/FFTW.MPI/3.3.10-gompi-2022a/lib64]
  collapse library dir [/share/apps/eb3/software/FFTW/3.3.10-GCC-11.3.0/lib/../lib64] ==> [/share/apps/eb3/software/FFTW/3.3.10-GCC-11.3.0/lib64]
  collapse library dir [/share/apps/eb3/software/FlexiBLAS/3.2.0-GCC-11.3.0/lib/../lib64] ==> [/share/apps/eb3/software/FlexiBLAS/3.2.0-GCC-11.3.0/lib64]
  collapse library dir [/share/apps/eb3/software/OpenBLAS/0.3.20-GCC-11.3.0/lib/../lib64] ==> [/share/apps/eb3/software/OpenBLAS/0.3.20-GCC-11.3.0/lib64]
  collapse library dir [/share/apps/eb3/software/OpenMPI/4.1.4-GCC-11.3.0/lib/../lib64] ==> [/share/apps/eb3/software/OpenMPI/4.1.4-GCC-11.3.0/lib64]
  collapse library dir [/share/apps/eb3/software/UCC/1.0.0-GCCcore-11.3.0/lib/../lib64] ==> [/share/apps/eb3/software/UCC/1.0.0-GCCcore-11.3.0/lib64]
  collapse library dir [/share/apps/eb3/software/PMIx/4.1.2-GCCcore-11.3.0/lib/../lib64] ==> [/share/apps/eb3/software/PMIx/4.1.2-GCCcore-11.3.0/lib64]
  collapse library dir [/share/apps/eb3/software/libfabric/1.15.1-GCCcore-11.3.0/lib/../lib64] ==> [/share/apps/eb3/software/libfabric/1.15.1-GCCcore-11.3.0/lib64]
  collapse library dir [/share/apps/eb3/software/UCX/1.12.1-GCCcore-11.3.0/lib/../lib64] ==> [/share/apps/eb3/software/UCX/1.12.1-GCCcore-11.3.0/lib64]
  collapse library dir [/share/apps/eb3/software/libevent/2.1.12-GCCcore-11.3.0/lib/../lib64] ==> [/share/apps/eb3/software/libevent/2.1.12-GCCcore-11.3.0/lib64]
  collapse library dir [/share/apps/eb3/software/x86_64/OpenSSL/1.1/lib/../lib64] ==> [/share/apps/eb3/software/x86_64/OpenSSL/1.1/lib64]
  collapse library dir [/share/apps/eb3/software/hwloc/2.7.1-GCCcore-11.3.0/lib/../lib64] ==> [/share/apps/eb3/software/hwloc/2.7.1-GCCcore-11.3.0/lib64]
  collapse library dir [/share/apps/eb3/software/libpciaccess/0.16-GCCcore-11.3.0/lib/../lib64] ==> [/share/apps/eb3/software/libpciaccess/0.16-GCCcore-11.3.0/lib64]
  collapse library dir [/share/apps/eb3/software/libxml2/2.9.13-GCCcore-11.3.0/lib/../lib64] ==> [/share/apps/eb3/software/libxml2/2.9.13-GCCcore-11.3.0/lib64]
  collapse library dir [/share/apps/eb3/software/numactl/2.0.14-GCCcore-11.3.0/lib/../lib64] ==> [/share/apps/eb3/software/numactl/2.0.14-GCCcore-11.3.0/lib64]
  collapse library dir [/share/apps/eb3/software/binutils/2.38-GCCcore-11.3.0/lib/../lib64] ==> [/share/apps/eb3/software/binutils/2.38-GCCcore-11.3.0/lib64]
  collapse library dir [/share/apps/eb3/software/GCCcore/12.2.0/lib/gcc/x86_64-pc-linux-gnu/12.2.0] ==> [/share/apps/eb3/software/GCCcore/12.2.0/lib/gcc/x86_64-pc-linux-gnu/12.2.0]
  collapse library dir [/share/apps/eb3/software/GCCcore/12.2.0/lib/gcc/x86_64-pc-linux-gnu/12.2.0/../../../../lib64] ==> [/share/apps/eb3/software/GCCcore/12.2.0/lib64]
  collapse library dir [/lib/../lib64] ==> [/lib64]
  collapse library dir [/usr/lib/../lib64] ==> [/usr/lib64]
  collapse library dir [/share/apps/eb3/software/libarchive/3.6.1-GCCcore-12.2.0/lib] ==> [/share/apps/eb3/software/libarchive/3.6.1-GCCcore-12.2.0/lib]
  collapse library dir [/share/apps/eb3/software/XZ/5.2.7-GCCcore-12.2.0/lib] ==> [/share/apps/eb3/software/XZ/5.2.7-GCCcore-12.2.0/lib]
  collapse library dir [/share/apps/eb3/software/cURL/7.86.0-GCCcore-12.2.0/lib] ==> [/share/apps/eb3/software/cURL/7.86.0-GCCcore-12.2.0/lib]
  collapse library dir [/share/apps/eb3/software/bzip2/1.0.8-GCCcore-12.2.0/lib] ==> [/share/apps/eb3/software/bzip2/1.0.8-GCCcore-12.2.0/lib]
  collapse library dir [/share/apps/eb3/software/zlib/1.2.12-GCCcore-12.2.0/lib] ==> [/share/apps/eb3/software/zlib/1.2.12-GCCcore-12.2.0/lib]
  collapse library dir [/share/apps/eb3/software/ncurses/6.3-GCCcore-12.2.0/lib] ==> [/share/apps/eb3/software/ncurses/6.3-GCCcore-12.2.0/lib]
  collapse library dir [/share/apps/eb3/software/HDF5/1.12.2-gompi-2022a/lib] ==> [/share/apps/eb3/software/HDF5/1.12.2-gompi-2022a/lib]
  collapse library dir [/share/apps/eb3/software/Szip/2.1.1-GCCcore-11.3.0/lib] ==> [/share/apps/eb3/software/Szip/2.1.1-GCCcore-11.3.0/lib]
  collapse library dir [/share/apps/eb3/software/ScaLAPACK/2.2.0-gompi-2022a-fb/lib] ==> [/share/apps/eb3/software/ScaLAPACK/2.2.0-gompi-2022a-fb/lib]
  collapse library dir [/share/apps/eb3/software/FFTW.MPI/3.3.10-gompi-2022a/lib] ==> [/share/apps/eb3/software/FFTW.MPI/3.3.10-gompi-2022a/lib]
  collapse library dir [/share/apps/eb3/software/FFTW/3.3.10-GCC-11.3.0/lib] ==> [/share/apps/eb3/software/FFTW/3.3.10-GCC-11.3.0/lib]
  collapse library dir [/share/apps/eb3/software/FlexiBLAS/3.2.0-GCC-11.3.0/lib] ==> [/share/apps/eb3/software/FlexiBLAS/3.2.0-GCC-11.3.0/lib]
  collapse library dir [/share/apps/eb3/software/OpenBLAS/0.3.20-GCC-11.3.0/lib] ==> [/share/apps/eb3/software/OpenBLAS/0.3.20-GCC-11.3.0/lib]
  collapse library dir [/share/apps/eb3/software/OpenMPI/4.1.4-GCC-11.3.0/lib] ==> [/share/apps/eb3/software/OpenMPI/4.1.4-GCC-11.3.0/lib]
  collapse library dir [/share/apps/eb3/software/UCC/1.0.0-GCCcore-11.3.0/lib] ==> [/share/apps/eb3/software/UCC/1.0.0-GCCcore-11.3.0/lib]
  collapse library dir [/share/apps/eb3/software/PMIx/4.1.2-GCCcore-11.3.0/lib] ==> [/share/apps/eb3/software/PMIx/4.1.2-GCCcore-11.3.0/lib]
  collapse library dir [/share/apps/eb3/software/libfabric/1.15.1-GCCcore-11.3.0/lib] ==> [/share/apps/eb3/software/libfabric/1.15.1-GCCcore-11.3.0/lib]
  collapse library dir [/share/apps/eb3/software/UCX/1.12.1-GCCcore-11.3.0/lib] ==> [/share/apps/eb3/software/UCX/1.12.1-GCCcore-11.3.0/lib]
  collapse library dir [/share/apps/eb3/software/libevent/2.1.12-GCCcore-11.3.0/lib] ==> [/share/apps/eb3/software/libevent/2.1.12-GCCcore-11.3.0/lib]
  collapse library dir [/share/apps/eb3/software/x86_64/OpenSSL/1.1/lib] ==> [/share/apps/eb3/software/x86_64/OpenSSL/1.1/lib]
  collapse library dir [/share/apps/eb3/software/hwloc/2.7.1-GCCcore-11.3.0/lib] ==> [/share/apps/eb3/software/hwloc/2.7.1-GCCcore-11.3.0/lib]
  collapse library dir [/share/apps/eb3/software/libpciaccess/0.16-GCCcore-11.3.0/lib] ==> [/share/apps/eb3/software/libpciaccess/0.16-GCCcore-11.3.0/lib]
  collapse library dir [/share/apps/eb3/software/libxml2/2.9.13-GCCcore-11.3.0/lib] ==> [/share/apps/eb3/software/libxml2/2.9.13-GCCcore-11.3.0/lib]
  collapse library dir [/share/apps/eb3/software/numactl/2.0.14-GCCcore-11.3.0/lib] ==> [/share/apps/eb3/software/numactl/2.0.14-GCCcore-11.3.0/lib]
  collapse library dir [/share/apps/eb3/software/binutils/2.38-GCCcore-11.3.0/lib] ==> [/share/apps/eb3/software/binutils/2.38-GCCcore-11.3.0/lib]
  collapse library dir [/share/apps/eb3/software/GCCcore/12.2.0/lib/gcc/x86_64-pc-linux-gnu/12.2.0/../../..] ==> [/share/apps/eb3/software/GCCcore/12.2.0/lib]
  implicit libs: [gomp;gcc;gcc_s;pthread;c;gcc;gcc_s]
  implicit objs: []
  implicit dirs: [/share/apps/eb3/software/libarchive/3.6.1-GCCcore-12.2.0/lib64;/share/apps/eb3/software/XZ/5.2.7-GCCcore-12.2.0/lib64;/share/apps/eb3/software/cURL/7.86.0-GCCcore-12.2.0/lib64;/share/apps/eb3/software/bzip2/1.0.8-GCCcore-12.2.0/lib64;/share/apps/eb3/software/zlib/1.2.12-GCCcore-12.2.0/lib64;/share/apps/eb3/software/ncurses/6.3-GCCcore-12.2.0/lib64;/share/apps/eb3/software/HDF5/1.12.2-gompi-2022a/lib64;/share/apps/eb3/software/Szip/2.1.1-GCCcore-11.3.0/lib64;/share/apps/eb3/software/ScaLAPACK/2.2.0-gompi-2022a-fb/lib64;/share/apps/eb3/software/FFTW.MPI/3.3.10-gompi-2022a/lib64;/share/apps/eb3/software/FFTW/3.3.10-GCC-11.3.0/lib64;/share/apps/eb3/software/FlexiBLAS/3.2.0-GCC-11.3.0/lib64;/share/apps/eb3/software/OpenBLAS/0.3.20-GCC-11.3.0/lib64;/share/apps/eb3/software/OpenMPI/4.1.4-GCC-11.3.0/lib64;/share/apps/eb3/software/UCC/1.0.0-GCCcore-11.3.0/lib64;/share/apps/eb3/software/PMIx/4.1.2-GCCcore-11.3.0/lib64;/share/apps/eb3/software/libfabric/1.15.1-GCCcore-11.3.0/lib64;/share/apps/eb3/software/UCX/1.12.1-GCCcore-11.3.0/lib64;/share/apps/eb3/software/libevent/2.1.12-GCCcore-11.3.0/lib64;/share/apps/eb3/software/x86_64/OpenSSL/1.1/lib64;/share/apps/eb3/software/hwloc/2.7.1-GCCcore-11.3.0/lib64;/share/apps/eb3/software/libpciaccess/0.16-GCCcore-11.3.0/lib64;/share/apps/eb3/software/libxml2/2.9.13-GCCcore-11.3.0/lib64;/share/apps/eb3/software/numactl/2.0.14-GCCcore-11.3.0/lib64;/share/apps/eb3/software/binutils/2.38-GCCcore-11.3.0/lib64;/share/apps/eb3/software/GCCcore/12.2.0/lib/gcc/x86_64-pc-linux-gnu/12.2.0;/share/apps/eb3/software/GCCcore/12.2.0/lib64;/lib64;/usr/lib64;/share/apps/eb3/software/libarchive/3.6.1-GCCcore-12.2.0/lib;/share/apps/eb3/software/XZ/5.2.7-GCCcore-12.2.0/lib;/share/apps/eb3/software/cURL/7.86.0-GCCcore-12.2.0/lib;/share/apps/eb3/software/bzip2/1.0.8-GCCcore-12.2.0/lib;/share/apps/eb3/software/zlib/1.2.12-GCCcore-12.2.0/lib;/share/apps/eb3/software/ncurses/6.3-GCCcore-12.2.0/lib;/share/apps/eb3/software/HDF5/1.12.2-gompi-2022a/lib;/share/apps/eb3/software/Szip/2.1.1-GCCcore-11.3.0/lib;/share/apps/eb3/software/ScaLAPACK/2.2.0-gompi-2022a-fb/lib;/share/apps/eb3/software/FFTW.MPI/3.3.10-gompi-2022a/lib;/share/apps/eb3/software/FFTW/3.3.10-GCC-11.3.0/lib;/share/apps/eb3/software/FlexiBLAS/3.2.0-GCC-11.3.0/lib;/share/apps/eb3/software/OpenBLAS/0.3.20-GCC-11.3.0/lib;/share/apps/eb3/software/OpenMPI/4.1.4-GCC-11.3.0/lib;/share/apps/eb3/software/UCC/1.0.0-GCCcore-11.3.0/lib;/share/apps/eb3/software/PMIx/4.1.2-GCCcore-11.3.0/lib;/share/apps/eb3/software/libfabric/1.15.1-GCCcore-11.3.0/lib;/share/apps/eb3/software/UCX/1.12.1-GCCcore-11.3.0/lib;/share/apps/eb3/software/libevent/2.1.12-GCCcore-11.3.0/lib;/share/apps/eb3/software/x86_64/OpenSSL/1.1/lib;/share/apps/eb3/software/hwloc/2.7.1-GCCcore-11.3.0/lib;/share/apps/eb3/software/libpciaccess/0.16-GCCcore-11.3.0/lib;/share/apps/eb3/software/libxml2/2.9.13-GCCcore-11.3.0/lib;/share/apps/eb3/software/numactl/2.0.14-GCCcore-11.3.0/lib;/share/apps/eb3/software/binutils/2.38-GCCcore-11.3.0/lib;/share/apps/eb3/software/GCCcore/12.2.0/lib]
  implicit fwks: []


Detecting CXX OpenMP compiler ABI info compiled with the following output:
Change Dir: /home/stuhecana/exciton_2b/cbuild/CMakeFiles/CMakeTmp

Run Build Command(s):/usr/bin/gmake -f Makefile cmTC_4984b/fast && /usr/bin/gmake  -f CMakeFiles/cmTC_4984b.dir/build.make CMakeFiles/cmTC_4984b.dir/build
gmake[1]: Entering directory '/home/stuhecana/exciton_2b/cbuild/CMakeFiles/CMakeTmp'
Building CXX object CMakeFiles/cmTC_4984b.dir/OpenMPTryFlag.cpp.o
/share/apps/eb3/software/GCCcore/12.2.0/bin/c++   -std=c++11 -O3 -lfftw3_omp -lfftw3 -lm -fopenmp -v -o CMakeFiles/cmTC_4984b.dir/OpenMPTryFlag.cpp.o -c /home/stuhecana/exciton_2b/cbuild/CMakeFiles/FindOpenMP/OpenMPTryFlag.cpp
Using built-in specs.
COLLECT_GCC=/share/apps/eb3/software/GCCcore/12.2.0/bin/c++
OFFLOAD_TARGET_NAMES=nvptx-none
Target: x86_64-pc-linux-gnu
Configured with: ../configure --enable-languages=c,c++,fortran --without-cuda-driver --enable-offload-targets=nvptx-none --enable-lto --enable-checking=release --disable-multilib --enable-shared=yes --enable-static=yes --enable-threads=posix --enable-plugins --enable-gold --enable-ld=default --prefix=/share/apps/eb3/software/GCCcore/12.2.0 --with-local-prefix=/share/apps/eb3/software/GCCcore/12.2.0 --enable-bootstrap --with-isl=/project/builduser/easybuild/build/GCCcore/12.2.0/system-system/gcc-12.2.0/stage2_stuff --build=x86_64-pc-linux-gnu --host=x86_64-pc-linux-gnu
Thread model: posix
Supported LTO compression algorithms: zlib
gcc version 12.2.0 (GCC) 
COLLECT_GCC_OPTIONS='-std=c++11' '-O3' '-fopenmp' '-v' '-o' 'CMakeFiles/cmTC_4984b.dir/OpenMPTryFlag.cpp.o' '-c' '-shared-libgcc' '-mtune=generic' '-march=x86-64' '-pthread' '-dumpdir' 'CMakeFiles/cmTC_4984b.dir/'
 /share/apps/eb3/software/GCCcore/12.2.0/libexec/gcc/x86_64-pc-linux-gnu/12.2.0/cc1plus -quiet -v -D_GNU_SOURCE -D_REENTRANT /home/stuhecana/exciton_2b/cbuild/CMakeFiles/FindOpenMP/OpenMPTryFlag.cpp -quiet -dumpdir CMakeFiles/cmTC_4984b.dir/ -dumpbase OpenMPTryFlag.cpp.cpp -dumpbase-ext .cpp -mtune=generic -march=x86-64 -O3 -std=c++11 -version -fopenmp -o /tmp/cciRVU7G.s
GNU C++11 (GCC) version 12.2.0 (x86_64-pc-linux-gnu)
	compiled by GNU C version 12.2.0, GMP version 6.2.1, MPFR version 4.1.0, MPC version 1.2.1, isl version isl-0.24-GMP

GGC heuristics: --param ggc-min-expand=100 --param ggc-min-heapsize=131072
ignoring nonexistent directory "/share/apps/eb3/software/GCCcore/12.2.0/lib/gcc/x86_64-pc-linux-gnu/12.2.0/include-fixed"
ignoring nonexistent directory "/share/apps/eb3/software/GCCcore/12.2.0/lib/gcc/x86_64-pc-linux-gnu/12.2.0/../../../../x86_64-pc-linux-gnu/include"
ignoring duplicate directory "/share/apps/eb3/software/Eigen/3.4.0-GCCcore-12.2.0/include"
  as it is a non-system directory that duplicates a system directory
#include "..." search starts here:
#include <...> search starts here:
 /share/apps/eb3/software/libarchive/3.6.1-GCCcore-12.2.0/include
 /share/apps/eb3/software/XZ/5.2.7-GCCcore-12.2.0/include
 /share/apps/eb3/software/cURL/7.86.0-GCCcore-12.2.0/include
 /share/apps/eb3/software/bzip2/1.0.8-GCCcore-12.2.0/include
 /share/apps/eb3/software/zlib/1.2.12-GCCcore-12.2.0/include
 /share/apps/eb3/software/ncurses/6.3-GCCcore-12.2.0/include
 /share/apps/eb3/software/HDF5/1.12.2-gompi-2022a/include
 /share/apps/eb3/software/Szip/2.1.1-GCCcore-11.3.0/include
 /share/apps/eb3/software/FFTW.MPI/3.3.10-gompi-2022a/include
 /share/apps/eb3/software/FFTW/3.3.10-GCC-11.3.0/include
 /share/apps/eb3/software/FlexiBLAS/3.2.0-GCC-11.3.0/include
 /share/apps/eb3/software/OpenBLAS/0.3.20-GCC-11.3.0/include
 /share/apps/eb3/software/OpenMPI/4.1.4-GCC-11.3.0/include
 /share/apps/eb3/software/UCC/1.0.0-GCCcore-11.3.0/include
 /share/apps/eb3/software/PMIx/4.1.2-GCCcore-11.3.0/include
 /share/apps/eb3/software/libfabric/1.15.1-GCCcore-11.3.0/include
 /share/apps/eb3/software/UCX/1.12.1-GCCcore-11.3.0/include
 /share/apps/eb3/software/libevent/2.1.12-GCCcore-11.3.0/include
 /share/apps/eb3/software/x86_64/OpenSSL/1.1/include
 /share/apps/eb3/software/hwloc/2.7.1-GCCcore-11.3.0/include
 /share/apps/eb3/software/libpciaccess/0.16-GCCcore-11.3.0/include
 /share/apps/eb3/software/libxml2/2.9.13-GCCcore-11.3.0/include/libxml2
 /share/apps/eb3/software/libxml2/2.9.13-GCCcore-11.3.0/include
 /share/apps/eb3/software/numactl/2.0.14-GCCcore-11.3.0/include
 /share/apps/eb3/software/binutils/2.38-GCCcore-11.3.0/include
 /share/apps/eb3/software/Eigen/3.4.0-GCCcore-12.2.0/include
 /share/apps/eb3/software/GCCcore/12.2.0/lib/gcc/x86_64-pc-linux-gnu/12.2.0/../../../../include/c++/12.2.0
 /share/apps/eb3/software/GCCcore/12.2.0/lib/gcc/x86_64-pc-linux-gnu/12.2.0/../../../../include/c++/12.2.0/x86_64-pc-linux-gnu
 /share/apps/eb3/software/GCCcore/12.2.0/lib/gcc/x86_64-pc-linux-gnu/12.2.0/../../../../include/c++/12.2.0/backward
 /share/apps/eb3/software/GCCcore/12.2.0/lib/gcc/x86_64-pc-linux-gnu/12.2.0/include
 /share/apps/eb3/software/GCCcore/12.2.0/include
 /usr/include
End of search list.
GNU C++11 (GCC) version 12.2.0 (x86_64-pc-linux-gnu)
	compiled by GNU C version 12.2.0, GMP version 6.2.1, MPFR version 4.1.0, MPC version 1.2.1, isl version isl-0.24-GMP

GGC heuristics: --param ggc-min-expand=100 --param ggc-min-heapsize=131072
Compiler executable checksum: 59ef7c4f9dd46e2f1cebd39eb26fd1d1
COLLECT_GCC_OPTIONS='-std=c++11' '-O3' '-fopenmp' '-v' '-o' 'CMakeFiles/cmTC_4984b.dir/OpenMPTryFlag.cpp.o' '-c' '-shared-libgcc' '-mtune=generic' '-march=x86-64' '-pthread' '-dumpdir' 'CMakeFiles/cmTC_4984b.dir/'
 as -v --64 -o CMakeFiles/cmTC_4984b.dir/OpenMPTryFlag.cpp.o /tmp/cciRVU7G.s
GNU assembler version 2.38 (x86_64-pc-linux-gnu) using BFD version (GNU Binutils) 2.38
COMPILER_PATH=/share/apps/eb3/software/GCCcore/12.2.0/libexec/gcc/x86_64-pc-linux-gnu/12.2.0/:/share/apps/eb3/software/GCCcore/12.2.0/libexec/gcc/x86_64-pc-linux-gnu/12.2.0/:/share/apps/eb3/software/GCCcore/12.2.0/libexec/gcc/x86_64-pc-linux-gnu/:/share/apps/eb3/software/GCCcore/12.2.0/lib/gcc/x86_64-pc-linux-gnu/12.2.0/:/share/apps/eb3/software/GCCcore/12.2.0/lib/gcc/x86_64-pc-linux-gnu/
LIBRARY_PATH=/share/apps/eb3/software/libarchive/3.6.1-GCCcore-12.2.0/lib/../lib64/:/share/apps/eb3/software/XZ/5.2.7-GCCcore-12.2.0/lib/../lib64/:/share/apps/eb3/software/cURL/7.86.0-GCCcore-12.2.0/lib/../lib64/:/share/apps/eb3/software/bzip2/1.0.8-GCCcore-12.2.0/lib/../lib64/:/share/apps/eb3/software/zlib/1.2.12-GCCcore-12.2.0/lib/../lib64/:/share/apps/eb3/software/ncurses/6.3-GCCcore-12.2.0/lib/../lib64/:/share/apps/eb3/software/HDF5/1.12.2-gompi-2022a/lib/../lib64/:/share/apps/eb3/software/Szip/2.1.1-GCCcore-11.3.0/lib/../lib64/:/share/apps/eb3/software/ScaLAPACK/2.2.0-gompi-2022a-fb/lib/../lib64/:/share/apps/eb3/software/FFTW.MPI/3.3.10-gompi-2022a/lib/../lib64/:/share/apps/eb3/software/FFTW/3.3.10-GCC-11.3.0/lib/../lib64/:/share/apps/eb3/software/FlexiBLAS/3.2.0-GCC-11.3.0/lib/../lib64/:/share/apps/eb3/software/OpenBLAS/0.3.20-GCC-11.3.0/lib/../lib64/:/share/apps/eb3/software/OpenMPI/4.1.4-GCC-11.3.0/lib/../lib64/:/share/apps/eb3/software/UCC/1.0.0-GCCcore-11.3.0/lib/../lib64/:/share/apps/eb3/software/PMIx/4.1.2-GCCcore-11.3.0/lib/../lib64/:/share/apps/eb3/software/libfabric/1.15.1-GCCcore-11.3.0/lib/../lib64/:/share/apps/eb3/software/UCX/1.12.1-GCCcore-11.3.0/lib/../lib64/:/share/apps/eb3/software/libevent/2.1.12-GCCcore-11.3.0/lib/../lib64/:/share/apps/eb3/software/x86_64/OpenSSL/1.1/lib/../lib64/:/share/apps/eb3/software/hwloc/2.7.1-GCCcore-11.3.0/lib/../lib64/:/share/apps/eb3/software/libpciaccess/0.16-GCCcore-11.3.0/lib/../lib64/:/share/apps/eb3/software/libxml2/2.9.13-GCCcore-11.3.0/lib/../lib64/:/share/apps/eb3/software/numactl/2.0.14-GCCcore-11.3.0/lib/../lib64/:/share/apps/eb3/software/binutils/2.38-GCCcore-11.3.0/lib/../lib64/:/share/apps/eb3/software/GCCcore/12.2.0/lib/gcc/x86_64-pc-linux-gnu/12.2.0/:/share/apps/eb3/software/GCCcore/12.2.0/lib/gcc/x86_64-pc-linux-gnu/12.2.0/../../../../lib64/:/lib/../lib64/:/usr/lib/../lib64/:/share/apps/eb3/software/libarchive/3.6.1-GCCcore-12.2.0/lib/:/share/apps/eb3/software/XZ/5.2.7-GCCcore-12.2.0/lib/:/share/apps/eb3/software/cURL/7.86.0-GCCcore-12.2.0/lib/:/share/apps/eb3/software/bzip2/1.0.8-GCCcore-12.2.0/lib/:/share/apps/eb3/software/zlib/1.2.12-GCCcore-12.2.0/lib/:/share/apps/eb3/software/ncurses/6.3-GCCcore-12.2.0/lib/:/share/apps/eb3/software/HDF5/1.12.2-gompi-2022a/lib/:/share/apps/eb3/software/Szip/2.1.1-GCCcore-11.3.0/lib/:/share/apps/eb3/software/ScaLAPACK/2.2.0-gompi-2022a-fb/lib/:/share/apps/eb3/software/FFTW.MPI/3.3.10-gompi-2022a/lib/:/share/apps/eb3/software/FFTW/3.3.10-GCC-11.3.0/lib/:/share/apps/eb3/software/FlexiBLAS/3.2.0-GCC-11.3.0/lib/:/share/apps/eb3/software/OpenBLAS/0.3.20-GCC-11.3.0/lib/:/share/apps/eb3/software/OpenMPI/4.1.4-GCC-11.3.0/lib/:/share/apps/eb3/software/UCC/1.0.0-GCCcore-11.3.0/lib/:/share/apps/eb3/software/PMIx/4.1.2-GCCcore-11.3.0/lib/:/share/apps/eb3/software/libfabric/1.15.1-GCCcore-11.3.0/lib/:/share/apps/eb3/software/UCX/1.12.1-GCCcore-11.3.0/lib/:/share/apps/eb3/software/libevent/2.1.12-GCCcore-11.3.0/lib/:/share/apps/eb3/software/x86_64/OpenSSL/1.1/lib/:/share/apps/eb3/software/hwloc/2.7.1-GCCcore-11.3.0/lib/:/share/apps/eb3/software/libpciaccess/0.16-GCCcore-11.3.0/lib/:/share/apps/eb3/software/libxml2/2.9.13-GCCcore-11.3.0/lib/:/share/apps/eb3/software/numactl/2.0.14-GCCcore-11.3.0/lib/:/share/apps/eb3/software/binutils/2.38-GCCcore-11.3.0/lib/:/share/apps/eb3/software/GCCcore/12.2.0/lib/gcc/x86_64-pc-linux-gnu/12.2.0/../../../:/lib/:/usr/lib/
COLLECT_GCC_OPTIONS='-std=c++11' '-O3' '-fopenmp' '-v' '-o' 'CMakeFiles/cmTC_4984b.dir/OpenMPTryFlag.cpp.o' '-c' '-shared-libgcc' '-mtune=generic' '-march=x86-64' '-pthread' '-dumpdir' 'CMakeFiles/cmTC_4984b.dir/OpenMPTryFlag.cpp.'
Linking CXX executable cmTC_4984b
/share/apps/eb3/software/CMake/3.24.3-GCCcore-12.2.0/bin/cmake -E cmake_link_script CMakeFiles/cmTC_4984b.dir/link.txt --verbose=1
/share/apps/eb3/software/GCCcore/12.2.0/bin/c++ -std=c++11 -O3 -lfftw3_omp -lfftw3 -lm -fopenmp -v -rdynamic CMakeFiles/cmTC_4984b.dir/OpenMPTryFlag.cpp.o -o cmTC_4984b  -v 
Using built-in specs.
COLLECT_GCC=/share/apps/eb3/software/GCCcore/12.2.0/bin/c++
COLLECT_LTO_WRAPPER=/share/apps/eb3/software/GCCcore/12.2.0/libexec/gcc/x86_64-pc-linux-gnu/12.2.0/lto-wrapper
OFFLOAD_TARGET_NAMES=nvptx-none
Target: x86_64-pc-linux-gnu
Configured with: ../configure --enable-languages=c,c++,fortran --without-cuda-driver --enable-offload-targets=nvptx-none --enable-lto --enable-checking=release --disable-multilib --enable-shared=yes --enable-static=yes --enable-threads=posix --enable-plugins --enable-gold --enable-ld=default --prefix=/share/apps/eb3/software/GCCcore/12.2.0 --with-local-prefix=/share/apps/eb3/software/GCCcore/12.2.0 --enable-bootstrap --with-isl=/project/builduser/easybuild/build/GCCcore/12.2.0/system-system/gcc-12.2.0/stage2_stuff --build=x86_64-pc-linux-gnu --host=x86_64-pc-linux-gnu
Thread model: posix
Supported LTO compression algorithms: zlib
gcc version 12.2.0 (GCC) 
COMPILER_PATH=/share/apps/eb3/software/GCCcore/12.2.0/libexec/gcc/x86_64-pc-linux-gnu/12.2.0/:/share/apps/eb3/software/GCCcore/12.2.0/libexec/gcc/x86_64-pc-linux-gnu/12.2.0/:/share/apps/eb3/software/GCCcore/12.2.0/libexec/gcc/x86_64-pc-linux-gnu/:/share/apps/eb3/software/GCCcore/12.2.0/lib/gcc/x86_64-pc-linux-gnu/12.2.0/:/share/apps/eb3/software/GCCcore/12.2.0/lib/gcc/x86_64-pc-linux-gnu/
LIBRARY_PATH=/share/apps/eb3/software/libarchive/3.6.1-GCCcore-12.2.0/lib/../lib64/:/share/apps/eb3/software/XZ/5.2.7-GCCcore-12.2.0/lib/../lib64/:/share/apps/eb3/software/cURL/7.86.0-GCCcore-12.2.0/lib/../lib64/:/share/apps/eb3/software/bzip2/1.0.8-GCCcore-12.2.0/lib/../lib64/:/share/apps/eb3/software/zlib/1.2.12-GCCcore-12.2.0/lib/../lib64/:/share/apps/eb3/software/ncurses/6.3-GCCcore-12.2.0/lib/../lib64/:/share/apps/eb3/software/HDF5/1.12.2-gompi-2022a/lib/../lib64/:/share/apps/eb3/software/Szip/2.1.1-GCCcore-11.3.0/lib/../lib64/:/share/apps/eb3/software/ScaLAPACK/2.2.0-gompi-2022a-fb/lib/../lib64/:/share/apps/eb3/software/FFTW.MPI/3.3.10-gompi-2022a/lib/../lib64/:/share/apps/eb3/software/FFTW/3.3.10-GCC-11.3.0/lib/../lib64/:/share/apps/eb3/software/FlexiBLAS/3.2.0-GCC-11.3.0/lib/../lib64/:/share/apps/eb3/software/OpenBLAS/0.3.20-GCC-11.3.0/lib/../lib64/:/share/apps/eb3/software/OpenMPI/4.1.4-GCC-11.3.0/lib/../lib64/:/share/apps/eb3/software/UCC/1.0.0-GCCcore-11.3.0/lib/../lib64/:/share/apps/eb3/software/PMIx/4.1.2-GCCcore-11.3.0/lib/../lib64/:/share/apps/eb3/software/libfabric/1.15.1-GCCcore-11.3.0/lib/../lib64/:/share/apps/eb3/software/UCX/1.12.1-GCCcore-11.3.0/lib/../lib64/:/share/apps/eb3/software/libevent/2.1.12-GCCcore-11.3.0/lib/../lib64/:/share/apps/eb3/software/x86_64/OpenSSL/1.1/lib/../lib64/:/share/apps/eb3/software/hwloc/2.7.1-GCCcore-11.3.0/lib/../lib64/:/share/apps/eb3/software/libpciaccess/0.16-GCCcore-11.3.0/lib/../lib64/:/share/apps/eb3/software/libxml2/2.9.13-GCCcore-11.3.0/lib/../lib64/:/share/apps/eb3/software/numactl/2.0.14-GCCcore-11.3.0/lib/../lib64/:/share/apps/eb3/software/binutils/2.38-GCCcore-11.3.0/lib/../lib64/:/share/apps/eb3/software/GCCcore/12.2.0/lib/gcc/x86_64-pc-linux-gnu/12.2.0/:/share/apps/eb3/software/GCCcore/12.2.0/lib/gcc/x86_64-pc-linux-gnu/12.2.0/../../../../lib64/:/lib/../lib64/:/usr/lib/../lib64/:/share/apps/eb3/software/libarchive/3.6.1-GCCcore-12.2.0/lib/:/share/apps/eb3/software/XZ/5.2.7-GCCcore-12.2.0/lib/:/share/apps/eb3/software/cURL/7.86.0-GCCcore-12.2.0/lib/:/share/apps/eb3/software/bzip2/1.0.8-GCCcore-12.2.0/lib/:/share/apps/eb3/software/zlib/1.2.12-GCCcore-12.2.0/lib/:/share/apps/eb3/software/ncurses/6.3-GCCcore-12.2.0/lib/:/share/apps/eb3/software/HDF5/1.12.2-gompi-2022a/lib/:/share/apps/eb3/software/Szip/2.1.1-GCCcore-11.3.0/lib/:/share/apps/eb3/software/ScaLAPACK/2.2.0-gompi-2022a-fb/lib/:/share/apps/eb3/software/FFTW.MPI/3.3.10-gompi-2022a/lib/:/share/apps/eb3/software/FFTW/3.3.10-GCC-11.3.0/lib/:/share/apps/eb3/software/FlexiBLAS/3.2.0-GCC-11.3.0/lib/:/share/apps/eb3/software/OpenBLAS/0.3.20-GCC-11.3.0/lib/:/share/apps/eb3/software/OpenMPI/4.1.4-GCC-11.3.0/lib/:/share/apps/eb3/software/UCC/1.0.0-GCCcore-11.3.0/lib/:/share/apps/eb3/software/PMIx/4.1.2-GCCcore-11.3.0/lib/:/share/apps/eb3/software/libfabric/1.15.1-GCCcore-11.3.0/lib/:/share/apps/eb3/software/UCX/1.12.1-GCCcore-11.3.0/lib/:/share/apps/eb3/software/libevent/2.1.12-GCCcore-11.3.0/lib/:/share/apps/eb3/software/x86_64/OpenSSL/1.1/lib/:/share/apps/eb3/software/hwloc/2.7.1-GCCcore-11.3.0/lib/:/share/apps/eb3/software/libpciaccess/0.16-GCCcore-11.3.0/lib/:/share/apps/eb3/software/libxml2/2.9.13-GCCcore-11.3.0/lib/:/share/apps/eb3/software/numactl/2.0.14-GCCcore-11.3.0/lib/:/share/apps/eb3/software/binutils/2.38-GCCcore-11.3.0/lib/:/share/apps/eb3/software/GCCcore/12.2.0/lib/gcc/x86_64-pc-linux-gnu/12.2.0/../../../:/lib/:/usr/lib/
Reading specs from /share/apps/eb3/software/GCCcore/12.2.0/lib/gcc/x86_64-pc-linux-gnu/12.2.0/../../../../lib64/libgomp.spec
COLLECT_GCC_OPTIONS='-std=c++11' '-O3' '-fopenmp' '-v' '-rdynamic' '-o' 'cmTC_4984b' '-v' '-shared-libgcc' '-mtune=generic' '-march=x86-64' '-pthread' '-dumpdir' 'cmTC_4984b.'
 /share/apps/eb3/software/GCCcore/12.2.0/libexec/gcc/x86_64-pc-linux-gnu/12.2.0/collect2 -plugin /share/apps/eb3/software/GCCcore/12.2.0/libexec/gcc/x86_64-pc-linux-gnu/12.2.0/liblto_plugin.so -plugin-opt=/share/apps/eb3/software/GCCcore/12.2.0/libexec/gcc/x86_64-pc-linux-gnu/12.2.0/lto-wrapper -plugin-opt=-fresolution=/tmp/ccQd8pFt.res -plugin-opt=-pass-through=-lgcc_s -plugin-opt=-pass-through=-lgcc -plugin-opt=-pass-through=-lpthread -plugin-opt=-pass-through=-lc -plugin-opt=-pass-through=-lgcc_s -plugin-opt=-pass-through=-lgcc --eh-frame-hdr -m elf_x86_64 -export-dynamic -dynamic-linker /lib64/ld-linux-x86-64.so.2 -o cmTC_4984b /lib/../lib64/crt1.o /lib/../lib64/crti.o /share/apps/eb3/software/GCCcore/12.2.0/lib/gcc/x86_64-pc-linux-gnu/12.2.0/crtbegin.o /share/apps/eb3/software/GCCcore/12.2.0/lib/gcc/x86_64-pc-linux-gnu/12.2.0/crtoffloadbegin.o -L/share/apps/eb3/software/libarchive/3.6.1-GCCcore-12.2.0/lib/../lib64 -L/share/apps/eb3/software/XZ/5.2.7-GCCcore-12.2.0/lib/../lib64 -L/share/apps/eb3/software/cURL/7.86.0-GCCcore-12.2.0/lib/../lib64 -L/share/apps/eb3/software/bzip2/1.0.8-GCCcore-12.2.0/lib/../lib64 -L/share/apps/eb3/software/zlib/1.2.12-GCCcore-12.2.0/lib/../lib64 -L/share/apps/eb3/software/ncurses/6.3-GCCcore-12.2.0/lib/../lib64 -L/share/apps/eb3/software/HDF5/1.12.2-gompi-2022a/lib/../lib64 -L/share/apps/eb3/software/Szip/2.1.1-GCCcore-11.3.0/lib/../lib64 -L/share/apps/eb3/software/ScaLAPACK/2.2.0-gompi-2022a-fb/lib/../lib64 -L/share/apps/eb3/software/FFTW.MPI/3.3.10-gompi-2022a/lib/../lib64 -L/share/apps/eb3/software/FFTW/3.3.10-GCC-11.3.0/lib/../lib64 -L/share/apps/eb3/software/FlexiBLAS/3.2.0-GCC-11.3.0/lib/../lib64 -L/share/apps/eb3/software/OpenBLAS/0.3.20-GCC-11.3.0/lib/../lib64 -L/share/apps/eb3/software/OpenMPI/4.1.4-GCC-11.3.0/lib/../lib64 -L/share/apps/eb3/software/UCC/1.0.0-GCCcore-11.3.0/lib/../lib64 -L/share/apps/eb3/software/PMIx/4.1.2-GCCcore-11.3.0/lib/../lib64 -L/share/apps/eb3/software/libfabric/1.15.1-GCCcore-11.3.0/lib/../lib64 -L/share/apps/eb3/software/UCX/1.12.1-GCCcore-11.3.0/lib/../lib64 -L/share/apps/eb3/software/libevent/2.1.12-GCCcore-11.3.0/lib/../lib64 -L/share/apps/eb3/software/x86_64/OpenSSL/1.1/lib/../lib64 -L/share/apps/eb3/software/hwloc/2.7.1-GCCcore-11.3.0/lib/../lib64 -L/share/apps/eb3/software/libpciaccess/0.16-GCCcore-11.3.0/lib/../lib64 -L/share/apps/eb3/software/libxml2/2.9.13-GCCcore-11.3.0/lib/../lib64 -L/share/apps/eb3/software/numactl/2.0.14-GCCcore-11.3.0/lib/../lib64 -L/share/apps/eb3/software/binutils/2.38-GCCcore-11.3.0/lib/../lib64 -L/share/apps/eb3/software/GCCcore/12.2.0/lib/gcc/x86_64-pc-linux-gnu/12.2.0 -L/share/apps/eb3/software/GCCcore/12.2.0/lib/gcc/x86_64-pc-linux-gnu/12.2.0/../../../../lib64 -L/lib/../lib64 -L/usr/lib/../lib64 -L/share/apps/eb3/software/libarchive/3.6.1-GCCcore-12.2.0/lib -L/share/apps/eb3/software/XZ/5.2.7-GCCcore-12.2.0/lib -L/share/apps/eb3/software/cURL/7.86.0-GCCcore-12.2.0/lib -L/share/apps/eb3/software/bzip2/1.0.8-GCCcore-12.2.0/lib -L/share/apps/eb3/software/zlib/1.2.12-GCCcore-12.2.0/lib -L/share/apps/eb3/software/ncurses/6.3-GCCcore-12.2.0/lib -L/share/apps/eb3/software/HDF5/1.12.2-gompi-2022a/lib -L/share/apps/eb3/software/Szip/2.1.1-GCCcore-11.3.0/lib -L/share/apps/eb3/software/ScaLAPACK/2.2.0-gompi-2022a-fb/lib -L/share/apps/eb3/software/FFTW.MPI/3.3.10-gompi-2022a/lib -L/share/apps/eb3/software/FFTW/3.3.10-GCC-11.3.0/lib -L/share/apps/eb3/software/FlexiBLAS/3.2.0-GCC-11.3.0/lib -L/share/apps/eb3/software/OpenBLAS/0.3.20-GCC-11.3.0/lib -L/share/apps/eb3/software/OpenMPI/4.1.4-GCC-11.3.0/lib -L/share/apps/eb3/software/UCC/1.0.0-GCCcore-11.3.0/lib -L/share/apps/eb3/software/PMIx/4.1.2-GCCcore-11.3.0/lib -L/share/apps/eb3/software/libfabric/1.15.1-GCCcore-11.3.0/lib -L/share/apps/eb3/software/UCX/1.12.1-GCCcore-11.3.0/lib -L/share/apps/eb3/software/libevent/2.1.12-GCCcore-11.3.0/lib -L/share/apps/eb3/software/x86_64/OpenSSL/1.1/lib -L/share/apps/eb3/software/hwloc/2.7.1-GCCcore-11.3.0/lib -L/share/apps/eb3/software/libpciaccess/0.16-GCCcore-11.3.0/lib -L/share/apps/eb3/software/libxml2/2.9.13-GCCcore-11.3.0/lib -L/share/apps/eb3/software/numactl/2.0.14-GCCcore-11.3.0/lib -L/share/apps/eb3/software/binutils/2.38-GCCcore-11.3.0/lib -L/share/apps/eb3/software/GCCcore/12.2.0/lib/gcc/x86_64-pc-linux-gnu/12.2.0/../../.. -lfftw3_omp -lfftw3 CMakeFiles/cmTC_4984b.dir/OpenMPTryFlag.cpp.o -lstdc++ -lm -lgomp -lgcc_s -lgcc -lpthread -lc -lgcc_s -lgcc /share/apps/eb3/software/GCCcore/12.2.0/lib/gcc/x86_64-pc-linux-gnu/12.2.0/crtend.o /lib/../lib64/crtn.o /share/apps/eb3/software/GCCcore/12.2.0/lib/gcc/x86_64-pc-linux-gnu/12.2.0/crtoffloadend.o
COLLECT_GCC_OPTIONS='-std=c++11' '-O3' '-fopenmp' '-v' '-rdynamic' '-o' 'cmTC_4984b' '-v' '-shared-libgcc' '-mtune=generic' '-march=x86-64' '-pthread' '-dumpdir' 'cmTC_4984b.'
gmake[1]: Leaving directory '/home/stuhecana/exciton_2b/cbuild/CMakeFiles/CMakeTmp'



Parsed CXX OpenMP implicit link information from above output:
  link line regex: [^( *|.*[/\])(ld|CMAKE_LINK_STARTFILE-NOTFOUND|([^/\]+-)?ld|collect2)[^/\]*( |$)]
  ignore line: [Change Dir: /home/stuhecana/exciton_2b/cbuild/CMakeFiles/CMakeTmp]
  ignore line: []
  ignore line: [Run Build Command(s):/usr/bin/gmake -f Makefile cmTC_4984b/fast && /usr/bin/gmake  -f CMakeFiles/cmTC_4984b.dir/build.make CMakeFiles/cmTC_4984b.dir/build]
  ignore line: [gmake[1]: Entering directory '/home/stuhecana/exciton_2b/cbuild/CMakeFiles/CMakeTmp']
  ignore line: [Building CXX object CMakeFiles/cmTC_4984b.dir/OpenMPTryFlag.cpp.o]
  ignore line: [/share/apps/eb3/software/GCCcore/12.2.0/bin/c++   -std=c++11 -O3 -lfftw3_omp -lfftw3 -lm -fopenmp -v -o CMakeFiles/cmTC_4984b.dir/OpenMPTryFlag.cpp.o -c /home/stuhecana/exciton_2b/cbuild/CMakeFiles/FindOpenMP/OpenMPTryFlag.cpp]
  ignore line: [Using built-in specs.]
  ignore line: [COLLECT_GCC=/share/apps/eb3/software/GCCcore/12.2.0/bin/c++]
  ignore line: [OFFLOAD_TARGET_NAMES=nvptx-none]
  ignore line: [Target: x86_64-pc-linux-gnu]
  ignore line: [Configured with: ../configure --enable-languages=c,c++,fortran --without-cuda-driver --enable-offload-targets=nvptx-none --enable-lto --enable-checking=release --disable-multilib --enable-shared=yes --enable-static=yes --enable-threads=posix --enable-plugins --enable-gold --enable-ld=default --prefix=/share/apps/eb3/software/GCCcore/12.2.0 --with-local-prefix=/share/apps/eb3/software/GCCcore/12.2.0 --enable-bootstrap --with-isl=/project/builduser/easybuild/build/GCCcore/12.2.0/system-system/gcc-12.2.0/stage2_stuff --build=x86_64-pc-linux-gnu --host=x86_64-pc-linux-gnu]
  ignore line: [Thread model: posix]
  ignore line: [Supported LTO compression algorithms: zlib]
  ignore line: [gcc version 12.2.0 (GCC) ]
  ignore line: [COLLECT_GCC_OPTIONS='-std=c++11' '-O3' '-fopenmp' '-v' '-o' 'CMakeFiles/cmTC_4984b.dir/OpenMPTryFlag.cpp.o' '-c' '-shared-libgcc' '-mtune=generic' '-march=x86-64' '-pthread' '-dumpdir' 'CMakeFiles/cmTC_4984b.dir/']
  ignore line: [ /share/apps/eb3/software/GCCcore/12.2.0/libexec/gcc/x86_64-pc-linux-gnu/12.2.0/cc1plus -quiet -v -D_GNU_SOURCE -D_REENTRANT /home/stuhecana/exciton_2b/cbuild/CMakeFiles/FindOpenMP/OpenMPTryFlag.cpp -quiet -dumpdir CMakeFiles/cmTC_4984b.dir/ -dumpbase OpenMPTryFlag.cpp.cpp -dumpbase-ext .cpp -mtune=generic -march=x86-64 -O3 -std=c++11 -version -fopenmp -o /tmp/cciRVU7G.s]
  ignore line: [GNU C++11 (GCC) version 12.2.0 (x86_64-pc-linux-gnu)]
  ignore line: [	compiled by GNU C version 12.2.0  GMP version 6.2.1  MPFR version 4.1.0  MPC version 1.2.1  isl version isl-0.24-GMP]
  ignore line: []
  ignore line: [GGC heuristics: --param ggc-min-expand=100 --param ggc-min-heapsize=131072]
  ignore line: [ignoring nonexistent directory "/share/apps/eb3/software/GCCcore/12.2.0/lib/gcc/x86_64-pc-linux-gnu/12.2.0/include-fixed"]
  ignore line: [ignoring nonexistent directory "/share/apps/eb3/software/GCCcore/12.2.0/lib/gcc/x86_64-pc-linux-gnu/12.2.0/../../../../x86_64-pc-linux-gnu/include"]
  ignore line: [ignoring duplicate directory "/share/apps/eb3/software/Eigen/3.4.0-GCCcore-12.2.0/include"]
  ignore line: [  as it is a non-system directory that duplicates a system directory]
  ignore line: [#include "..." search starts here:]
  ignore line: [#include <...> search starts here:]
  ignore line: [ /share/apps/eb3/software/libarchive/3.6.1-GCCcore-12.2.0/include]
  ignore line: [ /share/apps/eb3/software/XZ/5.2.7-GCCcore-12.2.0/include]
  ignore line: [ /share/apps/eb3/software/cURL/7.86.0-GCCcore-12.2.0/include]
  ignore line: [ /share/apps/eb3/software/bzip2/1.0.8-GCCcore-12.2.0/include]
  ignore line: [ /share/apps/eb3/software/zlib/1.2.12-GCCcore-12.2.0/include]
  ignore line: [ /share/apps/eb3/software/ncurses/6.3-GCCcore-12.2.0/include]
  ignore line: [ /share/apps/eb3/software/HDF5/1.12.2-gompi-2022a/include]
  ignore line: [ /share/apps/eb3/software/Szip/2.1.1-GCCcore-11.3.0/include]
  ignore line: [ /share/apps/eb3/software/FFTW.MPI/3.3.10-gompi-2022a/include]
  ignore line: [ /share/apps/eb3/software/FFTW/3.3.10-GCC-11.3.0/include]
  ignore line: [ /share/apps/eb3/software/FlexiBLAS/3.2.0-GCC-11.3.0/include]
  ignore line: [ /share/apps/eb3/software/OpenBLAS/0.3.20-GCC-11.3.0/include]
  ignore line: [ /share/apps/eb3/software/OpenMPI/4.1.4-GCC-11.3.0/include]
  ignore line: [ /share/apps/eb3/software/UCC/1.0.0-GCCcore-11.3.0/include]
  ignore line: [ /share/apps/eb3/software/PMIx/4.1.2-GCCcore-11.3.0/include]
  ignore line: [ /share/apps/eb3/software/libfabric/1.15.1-GCCcore-11.3.0/include]
  ignore line: [ /share/apps/eb3/software/UCX/1.12.1-GCCcore-11.3.0/include]
  ignore line: [ /share/apps/eb3/software/libevent/2.1.12-GCCcore-11.3.0/include]
  ignore line: [ /share/apps/eb3/software/x86_64/OpenSSL/1.1/include]
  ignore line: [ /share/apps/eb3/software/hwloc/2.7.1-GCCcore-11.3.0/include]
  ignore line: [ /share/apps/eb3/software/libpciaccess/0.16-GCCcore-11.3.0/include]
  ignore line: [ /share/apps/eb3/software/libxml2/2.9.13-GCCcore-11.3.0/include/libxml2]
  ignore line: [ /share/apps/eb3/software/libxml2/2.9.13-GCCcore-11.3.0/include]
  ignore line: [ /share/apps/eb3/software/numactl/2.0.14-GCCcore-11.3.0/include]
  ignore line: [ /share/apps/eb3/software/binutils/2.38-GCCcore-11.3.0/include]
  ignore line: [ /share/apps/eb3/software/Eigen/3.4.0-GCCcore-12.2.0/include]
  ignore line: [ /share/apps/eb3/software/GCCcore/12.2.0/lib/gcc/x86_64-pc-linux-gnu/12.2.0/../../../../include/c++/12.2.0]
  ignore line: [ /share/apps/eb3/software/GCCcore/12.2.0/lib/gcc/x86_64-pc-linux-gnu/12.2.0/../../../../include/c++/12.2.0/x86_64-pc-linux-gnu]
  ignore line: [ /share/apps/eb3/software/GCCcore/12.2.0/lib/gcc/x86_64-pc-linux-gnu/12.2.0/../../../../include/c++/12.2.0/backward]
  ignore line: [ /share/apps/eb3/software/GCCcore/12.2.0/lib/gcc/x86_64-pc-linux-gnu/12.2.0/include]
  ignore line: [ /share/apps/eb3/software/GCCcore/12.2.0/include]
  ignore line: [ /usr/include]
  ignore line: [End of search list.]
  ignore line: [GNU C++11 (GCC) version 12.2.0 (x86_64-pc-linux-gnu)]
  ignore line: [	compiled by GNU C version 12.2.0  GMP version 6.2.1  MPFR version 4.1.0  MPC version 1.2.1  isl version isl-0.24-GMP]
  ignore line: []
  ignore line: [GGC heuristics: --param ggc-min-expand=100 --param ggc-min-heapsize=131072]
  ignore line: [Compiler executable checksum: 59ef7c4f9dd46e2f1cebd39eb26fd1d1]
  ignore line: [COLLECT_GCC_OPTIONS='-std=c++11' '-O3' '-fopenmp' '-v' '-o' 'CMakeFiles/cmTC_4984b.dir/OpenMPTryFlag.cpp.o' '-c' '-shared-libgcc' '-mtune=generic' '-march=x86-64' '-pthread' '-dumpdir' 'CMakeFiles/cmTC_4984b.dir/']
  ignore line: [ as -v --64 -o CMakeFiles/cmTC_4984b.dir/OpenMPTryFlag.cpp.o /tmp/cciRVU7G.s]
  ignore line: [GNU assembler version 2.38 (x86_64-pc-linux-gnu) using BFD version (GNU Binutils) 2.38]
  ignore line: [COMPILER_PATH=/share/apps/eb3/software/GCCcore/12.2.0/libexec/gcc/x86_64-pc-linux-gnu/12.2.0/:/share/apps/eb3/software/GCCcore/12.2.0/libexec/gcc/x86_64-pc-linux-gnu/12.2.0/:/share/apps/eb3/software/GCCcore/12.2.0/libexec/gcc/x86_64-pc-linux-gnu/:/share/apps/eb3/software/GCCcore/12.2.0/lib/gcc/x86_64-pc-linux-gnu/12.2.0/:/share/apps/eb3/software/GCCcore/12.2.0/lib/gcc/x86_64-pc-linux-gnu/]
  ignore line: [LIBRARY_PATH=/share/apps/eb3/software/libarchive/3.6.1-GCCcore-12.2.0/lib/../lib64/:/share/apps/eb3/software/XZ/5.2.7-GCCcore-12.2.0/lib/../lib64/:/share/apps/eb3/software/cURL/7.86.0-GCCcore-12.2.0/lib/../lib64/:/share/apps/eb3/software/bzip2/1.0.8-GCCcore-12.2.0/lib/../lib64/:/share/apps/eb3/software/zlib/1.2.12-GCCcore-12.2.0/lib/../lib64/:/share/apps/eb3/software/ncurses/6.3-GCCcore-12.2.0/lib/../lib64/:/share/apps/eb3/software/HDF5/1.12.2-gompi-2022a/lib/../lib64/:/share/apps/eb3/software/Szip/2.1.1-GCCcore-11.3.0/lib/../lib64/:/share/apps/eb3/software/ScaLAPACK/2.2.0-gompi-2022a-fb/lib/../lib64/:/share/apps/eb3/software/FFTW.MPI/3.3.10-gompi-2022a/lib/../lib64/:/share/apps/eb3/software/FFTW/3.3.10-GCC-11.3.0/lib/../lib64/:/share/apps/eb3/software/FlexiBLAS/3.2.0-GCC-11.3.0/lib/../lib64/:/share/apps/eb3/software/OpenBLAS/0.3.20-GCC-11.3.0/lib/../lib64/:/share/apps/eb3/software/OpenMPI/4.1.4-GCC-11.3.0/lib/../lib64/:/share/apps/eb3/software/UCC/1.0.0-GCCcore-11.3.0/lib/../lib64/:/share/apps/eb3/software/PMIx/4.1.2-GCCcore-11.3.0/lib/../lib64/:/share/apps/eb3/software/libfabric/1.15.1-GCCcore-11.3.0/lib/../lib64/:/share/apps/eb3/software/UCX/1.12.1-GCCcore-11.3.0/lib/../lib64/:/share/apps/eb3/software/libevent/2.1.12-GCCcore-11.3.0/lib/../lib64/:/share/apps/eb3/software/x86_64/OpenSSL/1.1/lib/../lib64/:/share/apps/eb3/software/hwloc/2.7.1-GCCcore-11.3.0/lib/../lib64/:/share/apps/eb3/software/libpciaccess/0.16-GCCcore-11.3.0/lib/../lib64/:/share/apps/eb3/software/libxml2/2.9.13-GCCcore-11.3.0/lib/../lib64/:/share/apps/eb3/software/numactl/2.0.14-GCCcore-11.3.0/lib/../lib64/:/share/apps/eb3/software/binutils/2.38-GCCcore-11.3.0/lib/../lib64/:/share/apps/eb3/software/GCCcore/12.2.0/lib/gcc/x86_64-pc-linux-gnu/12.2.0/:/share/apps/eb3/software/GCCcore/12.2.0/lib/gcc/x86_64-pc-linux-gnu/12.2.0/../../../../lib64/:/lib/../lib64/:/usr/lib/../lib64/:/share/apps/eb3/software/libarchive/3.6.1-GCCcore-12.2.0/lib/:/share/apps/eb3/software/XZ/5.2.7-GCCcore-12.2.0/lib/:/share/apps/eb3/software/cURL/7.86.0-GCCcore-12.2.0/lib/:/share/apps/eb3/software/bzip2/1.0.8-GCCcore-12.2.0/lib/:/share/apps/eb3/software/zlib/1.2.12-GCCcore-12.2.0/lib/:/share/apps/eb3/software/ncurses/6.3-GCCcore-12.2.0/lib/:/share/apps/eb3/software/HDF5/1.12.2-gompi-2022a/lib/:/share/apps/eb3/software/Szip/2.1.1-GCCcore-11.3.0/lib/:/share/apps/eb3/software/ScaLAPACK/2.2.0-gompi-2022a-fb/lib/:/share/apps/eb3/software/FFTW.MPI/3.3.10-gompi-2022a/lib/:/share/apps/eb3/software/FFTW/3.3.10-GCC-11.3.0/lib/:/share/apps/eb3/software/FlexiBLAS/3.2.0-GCC-11.3.0/lib/:/share/apps/eb3/software/OpenBLAS/0.3.20-GCC-11.3.0/lib/:/share/apps/eb3/software/OpenMPI/4.1.4-GCC-11.3.0/lib/:/share/apps/eb3/software/UCC/1.0.0-GCCcore-11.3.0/lib/:/share/apps/eb3/software/PMIx/4.1.2-GCCcore-11.3.0/lib/:/share/apps/eb3/software/libfabric/1.15.1-GCCcore-11.3.0/lib/:/share/apps/eb3/software/UCX/1.12.1-GCCcore-11.3.0/lib/:/share/apps/eb3/software/libevent/2.1.12-GCCcore-11.3.0/lib/:/share/apps/eb3/software/x86_64/OpenSSL/1.1/lib/:/share/apps/eb3/software/hwloc/2.7.1-GCCcore-11.3.0/lib/:/share/apps/eb3/software/libpciaccess/0.16-GCCcore-11.3.0/lib/:/share/apps/eb3/software/libxml2/2.9.13-GCCcore-11.3.0/lib/:/share/apps/eb3/software/numactl/2.0.14-GCCcore-11.3.0/lib/:/share/apps/eb3/software/binutils/2.38-GCCcore-11.3.0/lib/:/share/apps/eb3/software/GCCcore/12.2.0/lib/gcc/x86_64-pc-linux-gnu/12.2.0/../../../:/lib/:/usr/lib/]
  ignore line: [COLLECT_GCC_OPTIONS='-std=c++11' '-O3' '-fopenmp' '-v' '-o' 'CMakeFiles/cmTC_4984b.dir/OpenMPTryFlag.cpp.o' '-c' '-shared-libgcc' '-mtune=generic' '-march=x86-64' '-pthread' '-dumpdir' 'CMakeFiles/cmTC_4984b.dir/OpenMPTryFlag.cpp.']
  ignore line: [Linking CXX executable cmTC_4984b]
  ignore line: [/share/apps/eb3/software/CMake/3.24.3-GCCcore-12.2.0/bin/cmake -E cmake_link_script CMakeFiles/cmTC_4984b.dir/link.txt --verbose=1]
  ignore line: [/share/apps/eb3/software/GCCcore/12.2.0/bin/c++ -std=c++11 -O3 -lfftw3_omp -lfftw3 -lm -fopenmp -v -rdynamic CMakeFiles/cmTC_4984b.dir/OpenMPTryFlag.cpp.o -o cmTC_4984b  -v ]
  ignore line: [Using built-in specs.]
  ignore line: [COLLECT_GCC=/share/apps/eb3/software/GCCcore/12.2.0/bin/c++]
  ignore line: [COLLECT_LTO_WRAPPER=/share/apps/eb3/software/GCCcore/12.2.0/libexec/gcc/x86_64-pc-linux-gnu/12.2.0/lto-wrapper]
  ignore line: [OFFLOAD_TARGET_NAMES=nvptx-none]
  ignore line: [Target: x86_64-pc-linux-gnu]
  ignore line: [Configured with: ../configure --enable-languages=c,c++,fortran --without-cuda-driver --enable-offload-targets=nvptx-none --enable-lto --enable-checking=release --disable-multilib --enable-shared=yes --enable-static=yes --enable-threads=posix --enable-plugins --enable-gold --enable-ld=default --prefix=/share/apps/eb3/software/GCCcore/12.2.0 --with-local-prefix=/share/apps/eb3/software/GCCcore/12.2.0 --enable-bootstrap --with-isl=/project/builduser/easybuild/build/GCCcore/12.2.0/system-system/gcc-12.2.0/stage2_stuff --build=x86_64-pc-linux-gnu --host=x86_64-pc-linux-gnu]
  ignore line: [Thread model: posix]
  ignore line: [Supported LTO compression algorithms: zlib]
  ignore line: [gcc version 12.2.0 (GCC) ]
  ignore line: [COMPILER_PATH=/share/apps/eb3/software/GCCcore/12.2.0/libexec/gcc/x86_64-pc-linux-gnu/12.2.0/:/share/apps/eb3/software/GCCcore/12.2.0/libexec/gcc/x86_64-pc-linux-gnu/12.2.0/:/share/apps/eb3/software/GCCcore/12.2.0/libexec/gcc/x86_64-pc-linux-gnu/:/share/apps/eb3/software/GCCcore/12.2.0/lib/gcc/x86_64-pc-linux-gnu/12.2.0/:/share/apps/eb3/software/GCCcore/12.2.0/lib/gcc/x86_64-pc-linux-gnu/]
  ignore line: [LIBRARY_PATH=/share/apps/eb3/software/libarchive/3.6.1-GCCcore-12.2.0/lib/../lib64/:/share/apps/eb3/software/XZ/5.2.7-GCCcore-12.2.0/lib/../lib64/:/share/apps/eb3/software/cURL/7.86.0-GCCcore-12.2.0/lib/../lib64/:/share/apps/eb3/software/bzip2/1.0.8-GCCcore-12.2.0/lib/../lib64/:/share/apps/eb3/software/zlib/1.2.12-GCCcore-12.2.0/lib/../lib64/:/share/apps/eb3/software/ncurses/6.3-GCCcore-12.2.0/lib/../lib64/:/share/apps/eb3/software/HDF5/1.12.2-gompi-2022a/lib/../lib64/:/share/apps/eb3/software/Szip/2.1.1-GCCcore-11.3.0/lib/../lib64/:/share/apps/eb3/software/ScaLAPACK/2.2.0-gompi-2022a-fb/lib/../lib64/:/share/apps/eb3/software/FFTW.MPI/3.3.10-gompi-2022a/lib/../lib64/:/share/apps/eb3/software/FFTW/3.3.10-GCC-11.3.0/lib/../lib64/:/share/apps/eb3/software/FlexiBLAS/3.2.0-GCC-11.3.0/lib/../lib64/:/share/apps/eb3/software/OpenBLAS/0.3.20-GCC-11.3.0/lib/../lib64/:/share/apps/eb3/software/OpenMPI/4.1.4-GCC-11.3.0/lib/../lib64/:/share/apps/eb3/software/UCC/1.0.0-GCCcore-11.3.0/lib/../lib64/:/share/apps/eb3/software/PMIx/4.1.2-GCCcore-11.3.0/lib/../lib64/:/share/apps/eb3/software/libfabric/1.15.1-GCCcore-11.3.0/lib/../lib64/:/share/apps/eb3/software/UCX/1.12.1-GCCcore-11.3.0/lib/../lib64/:/share/apps/eb3/software/libevent/2.1.12-GCCcore-11.3.0/lib/../lib64/:/share/apps/eb3/software/x86_64/OpenSSL/1.1/lib/../lib64/:/share/apps/eb3/software/hwloc/2.7.1-GCCcore-11.3.0/lib/../lib64/:/share/apps/eb3/software/libpciaccess/0.16-GCCcore-11.3.0/lib/../lib64/:/share/apps/eb3/software/libxml2/2.9.13-GCCcore-11.3.0/lib/../lib64/:/share/apps/eb3/software/numactl/2.0.14-GCCcore-11.3.0/lib/../lib64/:/share/apps/eb3/software/binutils/2.38-GCCcore-11.3.0/lib/../lib64/:/share/apps/eb3/software/GCCcore/12.2.0/lib/gcc/x86_64-pc-linux-gnu/12.2.0/:/share/apps/eb3/software/GCCcore/12.2.0/lib/gcc/x86_64-pc-linux-gnu/12.2.0/../../../../lib64/:/lib/../lib64/:/usr/lib/../lib64/:/share/apps/eb3/software/libarchive/3.6.1-GCCcore-12.2.0/lib/:/share/apps/eb3/software/XZ/5.2.7-GCCcore-12.2.0/lib/:/share/apps/eb3/software/cURL/7.86.0-GCCcore-12.2.0/lib/:/share/apps/eb3/software/bzip2/1.0.8-GCCcore-12.2.0/lib/:/share/apps/eb3/software/zlib/1.2.12-GCCcore-12.2.0/lib/:/share/apps/eb3/software/ncurses/6.3-GCCcore-12.2.0/lib/:/share/apps/eb3/software/HDF5/1.12.2-gompi-2022a/lib/:/share/apps/eb3/software/Szip/2.1.1-GCCcore-11.3.0/lib/:/share/apps/eb3/software/ScaLAPACK/2.2.0-gompi-2022a-fb/lib/:/share/apps/eb3/software/FFTW.MPI/3.3.10-gompi-2022a/lib/:/share/apps/eb3/software/FFTW/3.3.10-GCC-11.3.0/lib/:/share/apps/eb3/software/FlexiBLAS/3.2.0-GCC-11.3.0/lib/:/share/apps/eb3/software/OpenBLAS/0.3.20-GCC-11.3.0/lib/:/share/apps/eb3/software/OpenMPI/4.1.4-GCC-11.3.0/lib/:/share/apps/eb3/software/UCC/1.0.0-GCCcore-11.3.0/lib/:/share/apps/eb3/software/PMIx/4.1.2-GCCcore-11.3.0/lib/:/share/apps/eb3/software/libfabric/1.15.1-GCCcore-11.3.0/lib/:/share/apps/eb3/software/UCX/1.12.1-GCCcore-11.3.0/lib/:/share/apps/eb3/software/libevent/2.1.12-GCCcore-11.3.0/lib/:/share/apps/eb3/software/x86_64/OpenSSL/1.1/lib/:/share/apps/eb3/software/hwloc/2.7.1-GCCcore-11.3.0/lib/:/share/apps/eb3/software/libpciaccess/0.16-GCCcore-11.3.0/lib/:/share/apps/eb3/software/libxml2/2.9.13-GCCcore-11.3.0/lib/:/share/apps/eb3/software/numactl/2.0.14-GCCcore-11.3.0/lib/:/share/apps/eb3/software/binutils/2.38-GCCcore-11.3.0/lib/:/share/apps/eb3/software/GCCcore/12.2.0/lib/gcc/x86_64-pc-linux-gnu/12.2.0/../../../:/lib/:/usr/lib/]
  ignore line: [Reading specs from /share/apps/eb3/software/GCCcore/12.2.0/lib/gcc/x86_64-pc-linux-gnu/12.2.0/../../../../lib64/libgomp.spec]
  ignore line: [COLLECT_GCC_OPTIONS='-std=c++11' '-O3' '-fopenmp' '-v' '-rdynamic' '-o' 'cmTC_4984b' '-v' '-shared-libgcc' '-mtune=generic' '-march=x86-64' '-pthread' '-dumpdir' 'cmTC_4984b.']
  link line: [ /share/apps/eb3/software/GCCcore/12.2.0/libexec/gcc/x86_64-pc-linux-gnu/12.2.0/collect2 -plugin /share/apps/eb3/software/GCCcore/12.2.0/libexec/gcc/x86_64-pc-linux-gnu/12.2.0/liblto_plugin.so -plugin-opt=/share/apps/eb3/software/GCCcore/12.2.0/libexec/gcc/x86_64-pc-linux-gnu/12.2.0/lto-wrapper -plugin-opt=-fresolution=/tmp/ccQd8pFt.res -plugin-opt=-pass-through=-lgcc_s -plugin-opt=-pass-through=-lgcc -plugin-opt=-pass-through=-lpthread -plugin-opt=-pass-through=-lc -plugin-opt=-pass-through=-lgcc_s -plugin-opt=-pass-through=-lgcc --eh-frame-hdr -m elf_x86_64 -export-dynamic -dynamic-linker /lib64/ld-linux-x86-64.so.2 -o cmTC_4984b /lib/../lib64/crt1.o /lib/../lib64/crti.o /share/apps/eb3/software/GCCcore/12.2.0/lib/gcc/x86_64-pc-linux-gnu/12.2.0/crtbegin.o /share/apps/eb3/software/GCCcore/12.2.0/lib/gcc/x86_64-pc-linux-gnu/12.2.0/crtoffloadbegin.o -L/share/apps/eb3/software/libarchive/3.6.1-GCCcore-12.2.0/lib/../lib64 -L/share/apps/eb3/software/XZ/5.2.7-GCCcore-12.2.0/lib/../lib64 -L/share/apps/eb3/software/cURL/7.86.0-GCCcore-12.2.0/lib/../lib64 -L/share/apps/eb3/software/bzip2/1.0.8-GCCcore-12.2.0/lib/../lib64 -L/share/apps/eb3/software/zlib/1.2.12-GCCcore-12.2.0/lib/../lib64 -L/share/apps/eb3/software/ncurses/6.3-GCCcore-12.2.0/lib/../lib64 -L/share/apps/eb3/software/HDF5/1.12.2-gompi-2022a/lib/../lib64 -L/share/apps/eb3/software/Szip/2.1.1-GCCcore-11.3.0/lib/../lib64 -L/share/apps/eb3/software/ScaLAPACK/2.2.0-gompi-2022a-fb/lib/../lib64 -L/share/apps/eb3/software/FFTW.MPI/3.3.10-gompi-2022a/lib/../lib64 -L/share/apps/eb3/software/FFTW/3.3.10-GCC-11.3.0/lib/../lib64 -L/share/apps/eb3/software/FlexiBLAS/3.2.0-GCC-11.3.0/lib/../lib64 -L/share/apps/eb3/software/OpenBLAS/0.3.20-GCC-11.3.0/lib/../lib64 -L/share/apps/eb3/software/OpenMPI/4.1.4-GCC-11.3.0/lib/../lib64 -L/share/apps/eb3/software/UCC/1.0.0-GCCcore-11.3.0/lib/../lib64 -L/share/apps/eb3/software/PMIx/4.1.2-GCCcore-11.3.0/lib/../lib64 -L/share/apps/eb3/software/libfabric/1.15.1-GCCcore-11.3.0/lib/../lib64 -L/share/apps/eb3/software/UCX/1.12.1-GCCcore-11.3.0/lib/../lib64 -L/share/apps/eb3/software/libevent/2.1.12-GCCcore-11.3.0/lib/../lib64 -L/share/apps/eb3/software/x86_64/OpenSSL/1.1/lib/../lib64 -L/share/apps/eb3/software/hwloc/2.7.1-GCCcore-11.3.0/lib/../lib64 -L/share/apps/eb3/software/libpciaccess/0.16-GCCcore-11.3.0/lib/../lib64 -L/share/apps/eb3/software/libxml2/2.9.13-GCCcore-11.3.0/lib/../lib64 -L/share/apps/eb3/software/numactl/2.0.14-GCCcore-11.3.0/lib/../lib64 -L/share/apps/eb3/software/binutils/2.38-GCCcore-11.3.0/lib/../lib64 -L/share/apps/eb3/software/GCCcore/12.2.0/lib/gcc/x86_64-pc-linux-gnu/12.2.0 -L/share/apps/eb3/software/GCCcore/12.2.0/lib/gcc/x86_64-pc-linux-gnu/12.2.0/../../../../lib64 -L/lib/../lib64 -L/usr/lib/../lib64 -L/share/apps/eb3/software/libarchive/3.6.1-GCCcore-12.2.0/lib -L/share/apps/eb3/software/XZ/5.2.7-GCCcore-12.2.0/lib -L/share/apps/eb3/software/cURL/7.86.0-GCCcore-12.2.0/lib -L/share/apps/eb3/software/bzip2/1.0.8-GCCcore-12.2.0/lib -L/share/apps/eb3/software/zlib/1.2.12-GCCcore-12.2.0/lib -L/share/apps/eb3/software/ncurses/6.3-GCCcore-12.2.0/lib -L/share/apps/eb3/software/HDF5/1.12.2-gompi-2022a/lib -L/share/apps/eb3/software/Szip/2.1.1-GCCcore-11.3.0/lib -L/share/apps/eb3/software/ScaLAPACK/2.2.0-gompi-2022a-fb/lib -L/share/apps/eb3/software/FFTW.MPI/3.3.10-gompi-2022a/lib -L/share/apps/eb3/software/FFTW/3.3.10-GCC-11.3.0/lib -L/share/apps/eb3/software/FlexiBLAS/3.2.0-GCC-11.3.0/lib -L/share/apps/eb3/software/OpenBLAS/0.3.20-GCC-11.3.0/lib -L/share/apps/eb3/software/OpenMPI/4.1.4-GCC-11.3.0/lib -L/share/apps/eb3/software/UCC/1.0.0-GCCcore-11.3.0/lib -L/share/apps/eb3/software/PMIx/4.1.2-GCCcore-11.3.0/lib -L/share/apps/eb3/software/libfabric/1.15.1-GCCcore-11.3.0/lib -L/share/apps/eb3/software/UCX/1.12.1-GCCcore-11.3.0/lib -L/share/apps/eb3/software/libevent/2.1.12-GCCcore-11.3.0/lib -L/share/apps/eb3/software/x86_64/OpenSSL/1.1/lib -L/share/apps/eb3/software/hwloc/2.7.1-GCCcore-11.3.0/lib -L/share/apps/eb3/software/libpciaccess/0.16-GCCcore-11.3.0/lib -L/share/apps/eb3/software/libxml2/2.9.13-GCCcore-11.3.0/lib -L/share/apps/eb3/software/numactl/2.0.14-GCCcore-11.3.0/lib -L/share/apps/eb3/software/binutils/2.38-GCCcore-11.3.0/lib -L/share/apps/eb3/software/GCCcore/12.2.0/lib/gcc/x86_64-pc-linux-gnu/12.2.0/../../.. -lfftw3_omp -lfftw3 CMakeFiles/cmTC_4984b.dir/OpenMPTryFlag.cpp.o -lstdc++ -lm -lgomp -lgcc_s -lgcc -lpthread -lc -lgcc_s -lgcc /share/apps/eb3/software/GCCcore/12.2.0/lib/gcc/x86_64-pc-linux-gnu/12.2.0/crtend.o /lib/../lib64/crtn.o /share/apps/eb3/software/GCCcore/12.2.0/lib/gcc/x86_64-pc-linux-gnu/12.2.0/crtoffloadend.o]
    arg [/share/apps/eb3/software/GCCcore/12.2.0/libexec/gcc/x86_64-pc-linux-gnu/12.2.0/collect2] ==> ignore
    arg [-plugin] ==> ignore
    arg [/share/apps/eb3/software/GCCcore/12.2.0/libexec/gcc/x86_64-pc-linux-gnu/12.2.0/liblto_plugin.so] ==> ignore
    arg [-plugin-opt=/share/apps/eb3/software/GCCcore/12.2.0/libexec/gcc/x86_64-pc-linux-gnu/12.2.0/lto-wrapper] ==> ignore
    arg [-plugin-opt=-fresolution=/tmp/ccQd8pFt.res] ==> ignore
    arg [-plugin-opt=-pass-through=-lgcc_s] ==> ignore
    arg [-plugin-opt=-pass-through=-lgcc] ==> ignore
    arg [-plugin-opt=-pass-through=-lpthread] ==> ignore
    arg [-plugin-opt=-pass-through=-lc] ==> ignore
    arg [-plugin-opt=-pass-through=-lgcc_s] ==> ignore
    arg [-plugin-opt=-pass-through=-lgcc] ==> ignore
    arg [--eh-frame-hdr] ==> ignore
    arg [-m] ==> ignore
    arg [elf_x86_64] ==> ignore
    arg [-export-dynamic] ==> ignore
    arg [-dynamic-linker] ==> ignore
    arg [/lib64/ld-linux-x86-64.so.2] ==> ignore
    arg [-o] ==> ignore
    arg [cmTC_4984b] ==> ignore
    arg [-L/share/apps/eb3/software/libarchive/3.6.1-GCCcore-12.2.0/lib/../lib64] ==> dir [/share/apps/eb3/software/libarchive/3.6.1-GCCcore-12.2.0/lib/../lib64]
    arg [-L/share/apps/eb3/software/XZ/5.2.7-GCCcore-12.2.0/lib/../lib64] ==> dir [/share/apps/eb3/software/XZ/5.2.7-GCCcore-12.2.0/lib/../lib64]
    arg [-L/share/apps/eb3/software/cURL/7.86.0-GCCcore-12.2.0/lib/../lib64] ==> dir [/share/apps/eb3/software/cURL/7.86.0-GCCcore-12.2.0/lib/../lib64]
    arg [-L/share/apps/eb3/software/bzip2/1.0.8-GCCcore-12.2.0/lib/../lib64] ==> dir [/share/apps/eb3/software/bzip2/1.0.8-GCCcore-12.2.0/lib/../lib64]
    arg [-L/share/apps/eb3/software/zlib/1.2.12-GCCcore-12.2.0/lib/../lib64] ==> dir [/share/apps/eb3/software/zlib/1.2.12-GCCcore-12.2.0/lib/../lib64]
    arg [-L/share/apps/eb3/software/ncurses/6.3-GCCcore-12.2.0/lib/../lib64] ==> dir [/share/apps/eb3/software/ncurses/6.3-GCCcore-12.2.0/lib/../lib64]
    arg [-L/share/apps/eb3/software/HDF5/1.12.2-gompi-2022a/lib/../lib64] ==> dir [/share/apps/eb3/software/HDF5/1.12.2-gompi-2022a/lib/../lib64]
    arg [-L/share/apps/eb3/software/Szip/2.1.1-GCCcore-11.3.0/lib/../lib64] ==> dir [/share/apps/eb3/software/Szip/2.1.1-GCCcore-11.3.0/lib/../lib64]
    arg [-L/share/apps/eb3/software/ScaLAPACK/2.2.0-gompi-2022a-fb/lib/../lib64] ==> dir [/share/apps/eb3/software/ScaLAPACK/2.2.0-gompi-2022a-fb/lib/../lib64]
    arg [-L/share/apps/eb3/software/FFTW.MPI/3.3.10-gompi-2022a/lib/../lib64] ==> dir [/share/apps/eb3/software/FFTW.MPI/3.3.10-gompi-2022a/lib/../lib64]
    arg [-L/share/apps/eb3/software/FFTW/3.3.10-GCC-11.3.0/lib/../lib64] ==> dir [/share/apps/eb3/software/FFTW/3.3.10-GCC-11.3.0/lib/../lib64]
    arg [-L/share/apps/eb3/software/FlexiBLAS/3.2.0-GCC-11.3.0/lib/../lib64] ==> dir [/share/apps/eb3/software/FlexiBLAS/3.2.0-GCC-11.3.0/lib/../lib64]
    arg [-L/share/apps/eb3/software/OpenBLAS/0.3.20-GCC-11.3.0/lib/../lib64] ==> dir [/share/apps/eb3/software/OpenBLAS/0.3.20-GCC-11.3.0/lib/../lib64]
    arg [-L/share/apps/eb3/software/OpenMPI/4.1.4-GCC-11.3.0/lib/../lib64] ==> dir [/share/apps/eb3/software/OpenMPI/4.1.4-GCC-11.3.0/lib/../lib64]
    arg [-L/share/apps/eb3/software/UCC/1.0.0-GCCcore-11.3.0/lib/../lib64] ==> dir [/share/apps/eb3/software/UCC/1.0.0-GCCcore-11.3.0/lib/../lib64]
    arg [-L/share/apps/eb3/software/PMIx/4.1.2-GCCcore-11.3.0/lib/../lib64] ==> dir [/share/apps/eb3/software/PMIx/4.1.2-GCCcore-11.3.0/lib/../lib64]
    arg [-L/share/apps/eb3/software/libfabric/1.15.1-GCCcore-11.3.0/lib/../lib64] ==> dir [/share/apps/eb3/software/libfabric/1.15.1-GCCcore-11.3.0/lib/../lib64]
    arg [-L/share/apps/eb3/software/UCX/1.12.1-GCCcore-11.3.0/lib/../lib64] ==> dir [/share/apps/eb3/software/UCX/1.12.1-GCCcore-11.3.0/lib/../lib64]
    arg [-L/share/apps/eb3/software/libevent/2.1.12-GCCcore-11.3.0/lib/../lib64] ==> dir [/share/apps/eb3/software/libevent/2.1.12-GCCcore-11.3.0/lib/../lib64]
    arg [-L/share/apps/eb3/software/x86_64/OpenSSL/1.1/lib/../lib64] ==> dir [/share/apps/eb3/software/x86_64/OpenSSL/1.1/lib/../lib64]
    arg [-L/share/apps/eb3/software/hwloc/2.7.1-GCCcore-11.3.0/lib/../lib64] ==> dir [/share/apps/eb3/software/hwloc/2.7.1-GCCcore-11.3.0/lib/../lib64]
    arg [-L/share/apps/eb3/software/libpciaccess/0.16-GCCcore-11.3.0/lib/../lib64] ==> dir [/share/apps/eb3/software/libpciaccess/0.16-GCCcore-11.3.0/lib/../lib64]
    arg [-L/share/apps/eb3/software/libxml2/2.9.13-GCCcore-11.3.0/lib/../lib64] ==> dir [/share/apps/eb3/software/libxml2/2.9.13-GCCcore-11.3.0/lib/../lib64]
    arg [-L/share/apps/eb3/software/numactl/2.0.14-GCCcore-11.3.0/lib/../lib64] ==> dir [/share/apps/eb3/software/numactl/2.0.14-GCCcore-11.3.0/lib/../lib64]
    arg [-L/share/apps/eb3/software/binutils/2.38-GCCcore-11.3.0/lib/../lib64] ==> dir [/share/apps/eb3/software/binutils/2.38-GCCcore-11.3.0/lib/../lib64]
    arg [-L/share/apps/eb3/software/GCCcore/12.2.0/lib/gcc/x86_64-pc-linux-gnu/12.2.0] ==> dir [/share/apps/eb3/software/GCCcore/12.2.0/lib/gcc/x86_64-pc-linux-gnu/12.2.0]
    arg [-L/share/apps/eb3/software/GCCcore/12.2.0/lib/gcc/x86_64-pc-linux-gnu/12.2.0/../../../../lib64] ==> dir [/share/apps/eb3/software/GCCcore/12.2.0/lib/gcc/x86_64-pc-linux-gnu/12.2.0/../../../../lib64]
    arg [-L/lib/../lib64] ==> dir [/lib/../lib64]
    arg [-L/usr/lib/../lib64] ==> dir [/usr/lib/../lib64]
    arg [-L/share/apps/eb3/software/libarchive/3.6.1-GCCcore-12.2.0/lib] ==> dir [/share/apps/eb3/software/libarchive/3.6.1-GCCcore-12.2.0/lib]
    arg [-L/share/apps/eb3/software/XZ/5.2.7-GCCcore-12.2.0/lib] ==> dir [/share/apps/eb3/software/XZ/5.2.7-GCCcore-12.2.0/lib]
    arg [-L/share/apps/eb3/software/cURL/7.86.0-GCCcore-12.2.0/lib] ==> dir [/share/apps/eb3/software/cURL/7.86.0-GCCcore-12.2.0/lib]
    arg [-L/share/apps/eb3/software/bzip2/1.0.8-GCCcore-12.2.0/lib] ==> dir [/share/apps/eb3/software/bzip2/1.0.8-GCCcore-12.2.0/lib]
    arg [-L/share/apps/eb3/software/zlib/1.2.12-GCCcore-12.2.0/lib] ==> dir [/share/apps/eb3/software/zlib/1.2.12-GCCcore-12.2.0/lib]
    arg [-L/share/apps/eb3/software/ncurses/6.3-GCCcore-12.2.0/lib] ==> dir [/share/apps/eb3/software/ncurses/6.3-GCCcore-12.2.0/lib]
    arg [-L/share/apps/eb3/software/HDF5/1.12.2-gompi-2022a/lib] ==> dir [/share/apps/eb3/software/HDF5/1.12.2-gompi-2022a/lib]
    arg [-L/share/apps/eb3/software/Szip/2.1.1-GCCcore-11.3.0/lib] ==> dir [/share/apps/eb3/software/Szip/2.1.1-GCCcore-11.3.0/lib]
    arg [-L/share/apps/eb3/software/ScaLAPACK/2.2.0-gompi-2022a-fb/lib] ==> dir [/share/apps/eb3/software/ScaLAPACK/2.2.0-gompi-2022a-fb/lib]
    arg [-L/share/apps/eb3/software/FFTW.MPI/3.3.10-gompi-2022a/lib] ==> dir [/share/apps/eb3/software/FFTW.MPI/3.3.10-gompi-2022a/lib]
    arg [-L/share/apps/eb3/software/FFTW/3.3.10-GCC-11.3.0/lib] ==> dir [/share/apps/eb3/software/FFTW/3.3.10-GCC-11.3.0/lib]
    arg [-L/share/apps/eb3/software/FlexiBLAS/3.2.0-GCC-11.3.0/lib] ==> dir [/share/apps/eb3/software/FlexiBLAS/3.2.0-GCC-11.3.0/lib]
    arg [-L/share/apps/eb3/software/OpenBLAS/0.3.20-GCC-11.3.0/lib] ==> dir [/share/apps/eb3/software/OpenBLAS/0.3.20-GCC-11.3.0/lib]
    arg [-L/share/apps/eb3/software/OpenMPI/4.1.4-GCC-11.3.0/lib] ==> dir [/share/apps/eb3/software/OpenMPI/4.1.4-GCC-11.3.0/lib]
    arg [-L/share/apps/eb3/software/UCC/1.0.0-GCCcore-11.3.0/lib] ==> dir [/share/apps/eb3/software/UCC/1.0.0-GCCcore-11.3.0/lib]
    arg [-L/share/apps/eb3/software/PMIx/4.1.2-GCCcore-11.3.0/lib] ==> dir [/share/apps/eb3/software/PMIx/4.1.2-GCCcore-11.3.0/lib]
    arg [-L/share/apps/eb3/software/libfabric/1.15.1-GCCcore-11.3.0/lib] ==> dir [/share/apps/eb3/software/libfabric/1.15.1-GCCcore-11.3.0/lib]
    arg [-L/share/apps/eb3/software/UCX/1.12.1-GCCcore-11.3.0/lib] ==> dir [/share/apps/eb3/software/UCX/1.12.1-GCCcore-11.3.0/lib]
    arg [-L/share/apps/eb3/software/libevent/2.1.12-GCCcore-11.3.0/lib] ==> dir [/share/apps/eb3/software/libevent/2.1.12-GCCcore-11.3.0/lib]
    arg [-L/share/apps/eb3/software/x86_64/OpenSSL/1.1/lib] ==> dir [/share/apps/eb3/software/x86_64/OpenSSL/1.1/lib]
    arg [-L/share/apps/eb3/software/hwloc/2.7.1-GCCcore-11.3.0/lib] ==> dir [/share/apps/eb3/software/hwloc/2.7.1-GCCcore-11.3.0/lib]
    arg [-L/share/apps/eb3/software/libpciaccess/0.16-GCCcore-11.3.0/lib] ==> dir [/share/apps/eb3/software/libpciaccess/0.16-GCCcore-11.3.0/lib]
    arg [-L/share/apps/eb3/software/libxml2/2.9.13-GCCcore-11.3.0/lib] ==> dir [/share/apps/eb3/software/libxml2/2.9.13-GCCcore-11.3.0/lib]
    arg [-L/share/apps/eb3/software/numactl/2.0.14-GCCcore-11.3.0/lib] ==> dir [/share/apps/eb3/software/numactl/2.0.14-GCCcore-11.3.0/lib]
    arg [-L/share/apps/eb3/software/binutils/2.38-GCCcore-11.3.0/lib] ==> dir [/share/apps/eb3/software/binutils/2.38-GCCcore-11.3.0/lib]
    arg [-L/share/apps/eb3/software/GCCcore/12.2.0/lib/gcc/x86_64-pc-linux-gnu/12.2.0/../../..] ==> dir [/share/apps/eb3/software/GCCcore/12.2.0/lib/gcc/x86_64-pc-linux-gnu/12.2.0/../../..]
    arg [-lfftw3_omp] ==> lib [fftw3_omp]
    arg [-lfftw3] ==> lib [fftw3]
    arg [CMakeFiles/cmTC_4984b.dir/OpenMPTryFlag.cpp.o] ==> ignore
    arg [-lstdc++] ==> lib [stdc++]
    arg [-lm] ==> lib [m]
    arg [-lgomp] ==> lib [gomp]
    arg [-lgcc_s] ==> lib [gcc_s]
    arg [-lgcc] ==> lib [gcc]
    arg [-lpthread] ==> lib [pthread]
    arg [-lc] ==> lib [c]
    arg [-lgcc_s] ==> lib [gcc_s]
    arg [-lgcc] ==> lib [gcc]
  collapse library dir [/share/apps/eb3/software/libarchive/3.6.1-GCCcore-12.2.0/lib/../lib64] ==> [/share/apps/eb3/software/libarchive/3.6.1-GCCcore-12.2.0/lib64]
  collapse library dir [/share/apps/eb3/software/XZ/5.2.7-GCCcore-12.2.0/lib/../lib64] ==> [/share/apps/eb3/software/XZ/5.2.7-GCCcore-12.2.0/lib64]
  collapse library dir [/share/apps/eb3/software/cURL/7.86.0-GCCcore-12.2.0/lib/../lib64] ==> [/share/apps/eb3/software/cURL/7.86.0-GCCcore-12.2.0/lib64]
  collapse library dir [/share/apps/eb3/software/bzip2/1.0.8-GCCcore-12.2.0/lib/../lib64] ==> [/share/apps/eb3/software/bzip2/1.0.8-GCCcore-12.2.0/lib64]
  collapse library dir [/share/apps/eb3/software/zlib/1.2.12-GCCcore-12.2.0/lib/../lib64] ==> [/share/apps/eb3/software/zlib/1.2.12-GCCcore-12.2.0/lib64]
  collapse library dir [/share/apps/eb3/software/ncurses/6.3-GCCcore-12.2.0/lib/../lib64] ==> [/share/apps/eb3/software/ncurses/6.3-GCCcore-12.2.0/lib64]
  collapse library dir [/share/apps/eb3/software/HDF5/1.12.2-gompi-2022a/lib/../lib64] ==> [/share/apps/eb3/software/HDF5/1.12.2-gompi-2022a/lib64]
  collapse library dir [/share/apps/eb3/software/Szip/2.1.1-GCCcore-11.3.0/lib/../lib64] ==> [/share/apps/eb3/software/Szip/2.1.1-GCCcore-11.3.0/lib64]
  collapse library dir [/share/apps/eb3/software/ScaLAPACK/2.2.0-gompi-2022a-fb/lib/../lib64] ==> [/share/apps/eb3/software/ScaLAPACK/2.2.0-gompi-2022a-fb/lib64]
  collapse library dir [/share/apps/eb3/software/FFTW.MPI/3.3.10-gompi-2022a/lib/../lib64] ==> [/share/apps/eb3/software/FFTW.MPI/3.3.10-gompi-2022a/lib64]
  collapse library dir [/share/apps/eb3/software/FFTW/3.3.10-GCC-11.3.0/lib/../lib64] ==> [/share/apps/eb3/software/FFTW/3.3.10-GCC-11.3.0/lib64]
  collapse library dir [/share/apps/eb3/software/FlexiBLAS/3.2.0-GCC-11.3.0/lib/../lib64] ==> [/share/apps/eb3/software/FlexiBLAS/3.2.0-GCC-11.3.0/lib64]
  collapse library dir [/share/apps/eb3/software/OpenBLAS/0.3.20-GCC-11.3.0/lib/../lib64] ==> [/share/apps/eb3/software/OpenBLAS/0.3.20-GCC-11.3.0/lib64]
  collapse library dir [/share/apps/eb3/software/OpenMPI/4.1.4-GCC-11.3.0/lib/../lib64] ==> [/share/apps/eb3/software/OpenMPI/4.1.4-GCC-11.3.0/lib64]
  collapse library dir [/share/apps/eb3/software/UCC/1.0.0-GCCcore-11.3.0/lib/../lib64] ==> [/share/apps/eb3/software/UCC/1.0.0-GCCcore-11.3.0/lib64]
  collapse library dir [/share/apps/eb3/software/PMIx/4.1.2-GCCcore-11.3.0/lib/../lib64] ==> [/share/apps/eb3/software/PMIx/4.1.2-GCCcore-11.3.0/lib64]
  collapse library dir [/share/apps/eb3/software/libfabric/1.15.1-GCCcore-11.3.0/lib/../lib64] ==> [/share/apps/eb3/software/libfabric/1.15.1-GCCcore-11.3.0/lib64]
  collapse library dir [/share/apps/eb3/software/UCX/1.12.1-GCCcore-11.3.0/lib/../lib64] ==> [/share/apps/eb3/software/UCX/1.12.1-GCCcore-11.3.0/lib64]
  collapse library dir [/share/apps/eb3/software/libevent/2.1.12-GCCcore-11.3.0/lib/../lib64] ==> [/share/apps/eb3/software/libevent/2.1.12-GCCcore-11.3.0/lib64]
  collapse library dir [/share/apps/eb3/software/x86_64/OpenSSL/1.1/lib/../lib64] ==> [/share/apps/eb3/software/x86_64/OpenSSL/1.1/lib64]
  collapse library dir [/share/apps/eb3/software/hwloc/2.7.1-GCCcore-11.3.0/lib/../lib64] ==> [/share/apps/eb3/software/hwloc/2.7.1-GCCcore-11.3.0/lib64]
  collapse library dir [/share/apps/eb3/software/libpciaccess/0.16-GCCcore-11.3.0/lib/../lib64] ==> [/share/apps/eb3/software/libpciaccess/0.16-GCCcore-11.3.0/lib64]
  collapse library dir [/share/apps/eb3/software/libxml2/2.9.13-GCCcore-11.3.0/lib/../lib64] ==> [/share/apps/eb3/software/libxml2/2.9.13-GCCcore-11.3.0/lib64]
  collapse library dir [/share/apps/eb3/software/numactl/2.0.14-GCCcore-11.3.0/lib/../lib64] ==> [/share/apps/eb3/software/numactl/2.0.14-GCCcore-11.3.0/lib64]
  collapse library dir [/share/apps/eb3/software/binutils/2.38-GCCcore-11.3.0/lib/../lib64] ==> [/share/apps/eb3/software/binutils/2.38-GCCcore-11.3.0/lib64]
  collapse library dir [/share/apps/eb3/software/GCCcore/12.2.0/lib/gcc/x86_64-pc-linux-gnu/12.2.0] ==> [/share/apps/eb3/software/GCCcore/12.2.0/lib/gcc/x86_64-pc-linux-gnu/12.2.0]
  collapse library dir [/share/apps/eb3/software/GCCcore/12.2.0/lib/gcc/x86_64-pc-linux-gnu/12.2.0/../../../../lib64] ==> [/share/apps/eb3/software/GCCcore/12.2.0/lib64]
  collapse library dir [/lib/../lib64] ==> [/lib64]
  collapse library dir [/usr/lib/../lib64] ==> [/usr/lib64]
  collapse library dir [/share/apps/eb3/software/libarchive/3.6.1-GCCcore-12.2.0/lib] ==> [/share/apps/eb3/software/libarchive/3.6.1-GCCcore-12.2.0/lib]
  collapse library dir [/share/apps/eb3/software/XZ/5.2.7-GCCcore-12.2.0/lib] ==> [/share/apps/eb3/software/XZ/5.2.7-GCCcore-12.2.0/lib]
  collapse library dir [/share/apps/eb3/software/cURL/7.86.0-GCCcore-12.2.0/lib] ==> [/share/apps/eb3/software/cURL/7.86.0-GCCcore-12.2.0/lib]
  collapse library dir [/share/apps/eb3/software/bzip2/1.0.8-GCCcore-12.2.0/lib] ==> [/share/apps/eb3/software/bzip2/1.0.8-GCCcore-12.2.0/lib]
  collapse library dir [/share/apps/eb3/software/zlib/1.2.12-GCCcore-12.2.0/lib] ==> [/share/apps/eb3/software/zlib/1.2.12-GCCcore-12.2.0/lib]
  collapse library dir [/share/apps/eb3/software/ncurses/6.3-GCCcore-12.2.0/lib] ==> [/share/apps/eb3/software/ncurses/6.3-GCCcore-12.2.0/lib]
  collapse library dir [/share/apps/eb3/software/HDF5/1.12.2-gompi-2022a/lib] ==> [/share/apps/eb3/software/HDF5/1.12.2-gompi-2022a/lib]
  collapse library dir [/share/apps/eb3/software/Szip/2.1.1-GCCcore-11.3.0/lib] ==> [/share/apps/eb3/software/Szip/2.1.1-GCCcore-11.3.0/lib]
  collapse library dir [/share/apps/eb3/software/ScaLAPACK/2.2.0-gompi-2022a-fb/lib] ==> [/share/apps/eb3/software/ScaLAPACK/2.2.0-gompi-2022a-fb/lib]
  collapse library dir [/share/apps/eb3/software/FFTW.MPI/3.3.10-gompi-2022a/lib] ==> [/share/apps/eb3/software/FFTW.MPI/3.3.10-gompi-2022a/lib]
  collapse library dir [/share/apps/eb3/software/FFTW/3.3.10-GCC-11.3.0/lib] ==> [/share/apps/eb3/software/FFTW/3.3.10-GCC-11.3.0/lib]
  collapse library dir [/share/apps/eb3/software/FlexiBLAS/3.2.0-GCC-11.3.0/lib] ==> [/share/apps/eb3/software/FlexiBLAS/3.2.0-GCC-11.3.0/lib]
  collapse library dir [/share/apps/eb3/software/OpenBLAS/0.3.20-GCC-11.3.0/lib] ==> [/share/apps/eb3/software/OpenBLAS/0.3.20-GCC-11.3.0/lib]
  collapse library dir [/share/apps/eb3/software/OpenMPI/4.1.4-GCC-11.3.0/lib] ==> [/share/apps/eb3/software/OpenMPI/4.1.4-GCC-11.3.0/lib]
  collapse library dir [/share/apps/eb3/software/UCC/1.0.0-GCCcore-11.3.0/lib] ==> [/share/apps/eb3/software/UCC/1.0.0-GCCcore-11.3.0/lib]
  collapse library dir [/share/apps/eb3/software/PMIx/4.1.2-GCCcore-11.3.0/lib] ==> [/share/apps/eb3/software/PMIx/4.1.2-GCCcore-11.3.0/lib]
  collapse library dir [/share/apps/eb3/software/libfabric/1.15.1-GCCcore-11.3.0/lib] ==> [/share/apps/eb3/software/libfabric/1.15.1-GCCcore-11.3.0/lib]
  collapse library dir [/share/apps/eb3/software/UCX/1.12.1-GCCcore-11.3.0/lib] ==> [/share/apps/eb3/software/UCX/1.12.1-GCCcore-11.3.0/lib]
  collapse library dir [/share/apps/eb3/software/libevent/2.1.12-GCCcore-11.3.0/lib] ==> [/share/apps/eb3/software/libevent/2.1.12-GCCcore-11.3.0/lib]
  collapse library dir [/share/apps/eb3/software/x86_64/OpenSSL/1.1/lib] ==> [/share/apps/eb3/software/x86_64/OpenSSL/1.1/lib]
  collapse library dir [/share/apps/eb3/software/hwloc/2.7.1-GCCcore-11.3.0/lib] ==> [/share/apps/eb3/software/hwloc/2.7.1-GCCcore-11.3.0/lib]
  collapse library dir [/share/apps/eb3/software/libpciaccess/0.16-GCCcore-11.3.0/lib] ==> [/share/apps/eb3/software/libpciaccess/0.16-GCCcore-11.3.0/lib]
  collapse library dir [/share/apps/eb3/software/libxml2/2.9.13-GCCcore-11.3.0/lib] ==> [/share/apps/eb3/software/libxml2/2.9.13-GCCcore-11.3.0/lib]
  collapse library dir [/share/apps/eb3/software/numactl/2.0.14-GCCcore-11.3.0/lib] ==> [/share/apps/eb3/software/numactl/2.0.14-GCCcore-11.3.0/lib]
  collapse library dir [/share/apps/eb3/software/binutils/2.38-GCCcore-11.3.0/lib] ==> [/share/apps/eb3/software/binutils/2.38-GCCcore-11.3.0/lib]
  collapse library dir [/share/apps/eb3/software/GCCcore/12.2.0/lib/gcc/x86_64-pc-linux-gnu/12.2.0/../../..] ==> [/share/apps/eb3/software/GCCcore/12.2.0/lib]
  implicit libs: [fftw3_omp;fftw3;stdc++;m;gomp;gcc_s;gcc;pthread;c;gcc_s;gcc]
  implicit objs: []
  implicit dirs: [/share/apps/eb3/software/libarchive/3.6.1-GCCcore-12.2.0/lib64;/share/apps/eb3/software/XZ/5.2.7-GCCcore-12.2.0/lib64;/share/apps/eb3/software/cURL/7.86.0-GCCcore-12.2.0/lib64;/share/apps/eb3/software/bzip2/1.0.8-GCCcore-12.2.0/lib64;/share/apps/eb3/software/zlib/1.2.12-GCCcore-12.2.0/lib64;/share/apps/eb3/software/ncurses/6.3-GCCcore-12.2.0/lib64;/share/apps/eb3/software/HDF5/1.12.2-gompi-2022a/lib64;/share/apps/eb3/software/Szip/2.1.1-GCCcore-11.3.0/lib64;/share/apps/eb3/software/ScaLAPACK/2.2.0-gompi-2022a-fb/lib64;/share/apps/eb3/software/FFTW.MPI/3.3.10-gompi-2022a/lib64;/share/apps/eb3/software/FFTW/3.3.10-GCC-11.3.0/lib64;/share/apps/eb3/software/FlexiBLAS/3.2.0-GCC-11.3.0/lib64;/share/apps/eb3/software/OpenBLAS/0.3.20-GCC-11.3.0/lib64;/share/apps/eb3/software/OpenMPI/4.1.4-GCC-11.3.0/lib64;/share/apps/eb3/software/UCC/1.0.0-GCCcore-11.3.0/lib64;/share/apps/eb3/software/PMIx/4.1.2-GCCcore-11.3.0/lib64;/share/apps/eb3/software/libfabric/1.15.1-GCCcore-11.3.0/lib64;/share/apps/eb3/software/UCX/1.12.1-GCCcore-11.3.0/lib64;/share/apps/eb3/software/libevent/2.1.12-GCCcore-11.3.0/lib64;/share/apps/eb3/software/x86_64/OpenSSL/1.1/lib64;/share/apps/eb3/software/hwloc/2.7.1-GCCcore-11.3.0/lib64;/share/apps/eb3/software/libpciaccess/0.16-GCCcore-11.3.0/lib64;/share/apps/eb3/software/libxml2/2.9.13-GCCcore-11.3.0/lib64;/share/apps/eb3/software/numactl/2.0.14-GCCcore-11.3.0/lib64;/share/apps/eb3/software/binutils/2.38-GCCcore-11.3.0/lib64;/share/apps/eb3/software/GCCcore/12.2.0/lib/gcc/x86_64-pc-linux-gnu/12.2.0;/share/apps/eb3/software/GCCcore/12.2.0/lib64;/lib64;/usr/lib64;/share/apps/eb3/software/libarchive/3.6.1-GCCcore-12.2.0/lib;/share/apps/eb3/software/XZ/5.2.7-GCCcore-12.2.0/lib;/share/apps/eb3/software/cURL/7.86.0-GCCcore-12.2.0/lib;/share/apps/eb3/software/bzip2/1.0.8-GCCcore-12.2.0/lib;/share/apps/eb3/software/zlib/1.2.12-GCCcore-12.2.0/lib;/share/apps/eb3/software/ncurses/6.3-GCCcore-12.2.0/lib;/share/apps/eb3/software/HDF5/1.12.2-gompi-2022a/lib;/share/apps/eb3/software/Szip/2.1.1-GCCcore-11.3.0/lib;/share/apps/eb3/software/ScaLAPACK/2.2.0-gompi-2022a-fb/lib;/share/apps/eb3/software/FFTW.MPI/3.3.10-gompi-2022a/lib;/share/apps/eb3/software/FFTW/3.3.10-GCC-11.3.0/lib;/share/apps/eb3/software/FlexiBLAS/3.2.0-GCC-11.3.0/lib;/share/apps/eb3/software/OpenBLAS/0.3.20-GCC-11.3.0/lib;/share/apps/eb3/software/OpenMPI/4.1.4-GCC-11.3.0/lib;/share/apps/eb3/software/UCC/1.0.0-GCCcore-11.3.0/lib;/share/apps/eb3/software/PMIx/4.1.2-GCCcore-11.3.0/lib;/share/apps/eb3/software/libfabric/1.15.1-GCCcore-11.3.0/lib;/share/apps/eb3/software/UCX/1.12.1-GCCcore-11.3.0/lib;/share/apps/eb3/software/libevent/2.1.12-GCCcore-11.3.0/lib;/share/apps/eb3/software/x86_64/OpenSSL/1.1/lib;/share/apps/eb3/software/hwloc/2.7.1-GCCcore-11.3.0/lib;/share/apps/eb3/software/libpciaccess/0.16-GCCcore-11.3.0/lib;/share/apps/eb3/software/libxml2/2.9.13-GCCcore-11.3.0/lib;/share/apps/eb3/software/numactl/2.0.14-GCCcore-11.3.0/lib;/share/apps/eb3/software/binutils/2.38-GCCcore-11.3.0/lib;/share/apps/eb3/software/GCCcore/12.2.0/lib]
  implicit fwks: []


